Date,Joe Biden,Donald Trump,Joe Biden Win Probability,Donald Trump Win Probability
2021-04-08,46.4,42.2,0.7835290218650803,0.21647097813491967
2021-04-09,46.4,42.2,0.7835290218650803,0.21647097813491967
2021-04-10,46.4,42.2,0.7835290218650803,0.21647097813491967
2021-04-11,46.4,42.2,0.7835290218650803,0.21647097813491967
2021-04-12,46.4,42.2,0.7835290218650803,0.21647097813491967
2021-04-13,46.4,42.2,0.7835290218650803,0.21647097813491967
2021-04-14,46.4,42.2,0.7835290218650803,0.21647097813491967
2021-04-15,46.4,42.2,0.7835290218650803,0.21647097813491967
2021-04-16,46.4,42.2,0.7835290218650803,0.21647097813491967
2021-04-17,45.49383413309964,33.0088890642963,0.9901238570386475,0.00987614296135253
2021-04-18,45.49383413309964,33.0088890642963,0.9901238570386475,0.00987614296135253
2021-04-19,45.49383413309964,33.0088890642963,0.9901238570386475,0.00987614296135253
2021-04-20,45.49383413309963,33.0088890642963,0.9901238570386474,0.00987614296135264
2021-04-21,45.49383413309964,33.0088890642963,0.9901238570386475,0.00987614296135253
2021-04-22,45.49383413309964,33.0088890642963,0.9901238570386475,0.00987614296135253
2021-04-23,45.49383413309964,33.0088890642963,0.9901238570386475,0.00987614296135253
2021-04-24,45.250691792386455,16.75675497008315,0.9999999481172697,5.188273033418511e-08
2021-04-25,45.250691792386455,16.75675497008315,0.9999999481172697,5.188273033418511e-08
2021-04-26,45.25069179238645,16.75675497008315,0.9999999481172697,5.188273033418511e-08
2021-04-27,45.25069179238645,16.75675497008315,0.9999999481172697,5.188273033418511e-08
2021-04-28,45.250691792386455,16.756754970083147,0.9999999481172697,5.188273033418511e-08
2021-04-29,45.25069179238646,16.75675497008315,0.9999999481172697,5.188273033418511e-08
2021-04-30,45.250691792386455,16.75675497008315,0.9999999481172697,5.188273033418511e-08
2021-05-01,45.25069179238645,16.75675497008315,0.9999999481172697,5.188273033418511e-08
2021-05-02,45.250691792386455,16.75675497008315,0.9999999481172697,5.188273033418511e-08
2021-05-03,45.25069179238645,16.75675497008315,0.9999999481172697,5.188273033418511e-08
2021-05-04,45.250691792386455,16.75675497008315,0.9999999481172697,5.188273033418511e-08
2021-05-05,45.250691792386455,16.75675497008315,0.9999999481172697,5.188273033418511e-08
2021-05-06,45.250691792386455,16.75675497008315,0.9999999481172697,5.188273033418511e-08
2021-05-07,45.25069179238646,16.756754970083154,0.9999999481172697,5.188273033418511e-08
2021-05-08,45.250691792386455,16.756754970083154,0.9999999481172697,5.188273033418511e-08
2021-05-09,45.250691792386455,16.75675497008315,0.9999999481172697,5.188273033418511e-08
2021-05-10,45.25069179238645,16.75675497008315,0.9999999481172697,5.188273033418511e-08
2021-05-11,45.250691792386455,16.75675497008315,0.9999999481172697,5.188273033418511e-08
2021-05-12,45.250691792386455,16.75675497008315,0.9999999481172697,5.188273033418511e-08
2021-05-13,45.25069179238646,16.75675497008315,0.9999999481172697,5.188273033418511e-08
2021-05-14,47.106578906892565,29.746673813451487,0.9994048765542175,0.0005951234457824972
2021-05-15,47.106578906892565,29.746673813451483,0.9994048765542175,0.0005951234457824972
2021-05-16,47.106578906892565,29.746673813451487,0.9994048765542175,0.0005951234457824972
2021-05-17,47.106578906892565,29.746673813451487,0.9994048765542175,0.0005951234457824972
2021-05-18,47.106578906892565,29.746673813451487,0.9994048765542175,0.0005951234457824972
2021-05-19,27.130808058447563,37.911139178958734,0.02207005433138715,0.9779299456686128
2021-05-20,27.130808058447563,37.911139178958734,0.02207005433138715,0.9779299456686128
2021-05-21,27.130808058447567,37.911139178958734,0.02207005433138717,0.9779299456686128
2021-05-22,27.130808058447563,37.911139178958734,0.02207005433138715,0.9779299456686128
2021-05-23,27.130808058447563,37.911139178958734,0.02207005433138715,0.9779299456686128
2021-05-24,27.130808058447563,37.911139178958734,0.02207005433138715,0.9779299456686128
2021-05-25,27.130808058447567,37.911139178958734,0.02207005433138717,0.9779299456686128
2021-05-26,27.130808058447567,37.911139178958734,0.02207005433138717,0.9779299456686128
2021-05-27,35.94618349842875,37.01828645729669,0.42067436645449563,0.5793256335455044
2021-05-28,35.946183498428766,37.018286457296696,0.4206743664544962,0.5793256335455038
2021-05-29,35.94618349842875,37.01828645729669,0.42067436645449563,0.5793256335455044
2021-05-30,35.946183498428745,37.018286457296675,0.4206743664544962,0.5793256335455038
2021-05-31,35.94618349842875,37.01828645729669,0.42067436645449563,0.5793256335455044
2021-06-01,35.94618349842875,37.01828645729669,0.42067436645449563,0.5793256335455044
2021-06-02,35.94618349842875,37.01828645729669,0.42067436645449563,0.5793256335455044
2021-06-03,35.94618349842875,37.01828645729669,0.42067436645449563,0.5793256335455044
2021-06-04,35.94618349842875,37.01828645729669,0.42067436645449563,0.5793256335455044
2021-06-05,35.94618349842875,37.01828645729669,0.42067436645449563,0.5793256335455044
2021-06-06,40.27413719411335,38.00686463633439,0.6639670983033481,0.3360329016966519
2021-06-07,40.27413719411336,38.00686463633439,0.6639670983033485,0.33603290169665145
2021-06-08,40.274137194113365,38.006864636334406,0.6639670983033481,0.3360329016966519
2021-06-09,40.27413719411336,38.00686463633439,0.6639670983033485,0.33603290169665145
2021-06-10,40.27413719411335,38.00686463633439,0.6639670983033481,0.3360329016966519
2021-06-11,40.27413719411336,38.0068646363344,0.6639670983033481,0.3360329016966519
2021-06-12,40.27413719411335,38.006864636334384,0.6639670983033485,0.33603290169665145
2021-06-13,40.27413719411336,38.00686463633439,0.6639670983033485,0.33603290169665145
2021-06-14,40.27413719411336,38.00686463633439,0.6639670983033485,0.33603290169665145
2021-06-15,40.27413719411336,38.0068646363344,0.6639670983033481,0.3360329016966519
2021-06-16,40.27413719411336,38.00686463633439,0.6639670983033485,0.33603290169665145
2021-06-17,40.27413719411335,38.00686463633439,0.6639670983033481,0.3360329016966519
2021-06-18,40.27413719411336,38.0068646363344,0.6639670983033481,0.3360329016966519
2021-06-19,40.27413719411336,38.00686463633439,0.6639670983033485,0.33603290169665145
2021-06-20,40.27413719411336,38.00686463633439,0.6639670983033485,0.33603290169665145
2021-06-21,18.60518659021298,43.92157128862435,1.1408018932324694e-06,0.9999988591981067
2021-06-22,18.605186590212973,43.92157128862434,1.1408018932324694e-06,0.9999988591981067
2021-06-23,11.561414435380664,42.43689632919488,4.091298982586479e-09,0.999999995908701
2021-06-24,11.561414435380664,42.43689632919489,4.0912989825864496e-09,0.999999995908701
2021-06-25,23.993462513970265,39.82799275003109,0.0015562168800663915,0.9984437831199336
2021-06-26,23.99346251397027,39.8279927500311,0.0015562168800663915,0.9984437831199336
2021-06-27,23.99346251397027,39.82799275003111,0.0015562168800663857,0.9984437831199336
2021-06-28,23.99346251397027,39.82799275003111,0.0015562168800663857,0.9984437831199336
2021-06-29,23.99346251397027,39.8279927500311,0.0015562168800663915,0.9984437831199336
2021-06-30,23.99346251397027,39.8279927500311,0.0015562168800663915,0.9984437831199336
2021-07-01,23.99346251397027,39.82799275003111,0.0015562168800663857,0.9984437831199336
2021-07-02,23.993462513970265,39.8279927500311,0.0015562168800663857,0.9984437831199336
2021-07-03,23.993462513970265,39.8279927500311,0.0015562168800663857,0.9984437831199336
2021-07-04,23.99346251397027,39.82799275003111,0.0015562168800663857,0.9984437831199336
2021-07-05,23.99346251397027,39.82799275003111,0.0015562168800663857,0.9984437831199336
2021-07-06,23.993462513970265,39.8279927500311,0.0015562168800663857,0.9984437831199336
2021-07-07,23.99346251397027,39.8279927500311,0.0015562168800663915,0.9984437831199336
2021-07-08,23.993462513970265,39.8279927500311,0.0015562168800663857,0.9984437831199336
2021-07-09,32.63467380518011,41.210173038845156,0.05467722830219953,0.9453227716978004
2021-07-10,32.63467380518011,41.210173038845156,0.05467722830219953,0.9453227716978004
2021-07-11,32.63467380518011,41.210173038845156,0.05467722830219953,0.9453227716978004
2021-07-12,32.63467380518011,41.21017303884516,0.05467722830219934,0.9453227716978007
2021-07-13,32.634673805180114,41.21017303884517,0.05467722830219934,0.9453227716978007
2021-07-14,32.63467380518011,41.210173038845156,0.05467722830219953,0.9453227716978004
2021-07-15,32.63467380518011,41.21017303884516,0.05467722830219934,0.9453227716978007
2021-07-16,32.634673805180114,41.21017303884516,0.05467722830219953,0.9453227716978004
2021-07-17,32.63467380518011,41.210173038845156,0.05467722830219953,0.9453227716978004
2021-07-18,32.6346738051801,41.210173038845156,0.05467722830219934,0.9453227716978007
2021-07-19,32.6346738051801,41.210173038845156,0.05467722830219934,0.9453227716978007
2021-07-20,32.63467380518011,41.210173038845156,0.05467722830219953,0.9453227716978004
2021-07-21,32.63467380518011,41.210173038845156,0.05467722830219953,0.9453227716978004
2021-07-22,32.6346738051801,41.21017303884515,0.05467722830219953,0.9453227716978004
2021-07-23,32.63467380518011,41.21017303884516,0.05467722830219934,0.9453227716978007
2021-07-24,32.63467380518011,41.210173038845156,0.05467722830219953,0.9453227716978004
2021-07-25,32.634673805180114,41.21017303884516,0.05467722830219953,0.9453227716978004
2021-07-26,32.63467380518011,41.210173038845156,0.05467722830219953,0.9453227716978004
2021-07-27,32.634673805180114,41.21017303884517,0.05467722830219934,0.9453227716978007
2021-07-28,32.63467380518011,41.21017303884516,0.05467722830219934,0.9453227716978007
2021-07-29,32.6346738051801,41.210173038845156,0.05467722830219934,0.9453227716978007
2021-07-30,32.634673805180114,41.210173038845156,0.05467722830219965,0.9453227716978003
2021-07-31,32.6346738051801,41.21017303884515,0.05467722830219953,0.9453227716978004
2021-08-01,32.63467380518011,41.210173038845156,0.05467722830219953,0.9453227716978004
2021-08-02,32.634673805180114,41.21017303884517,0.05467722830219934,0.9453227716978007
2021-08-03,42.68709399919957,38.26402145815464,0.7955458700976811,0.20445412990231893
2021-08-04,26.719938239163653,42.279826366712314,0.0018354899925365673,0.9981645100074634
2021-08-05,26.71993823916364,42.2798263667123,0.0018354899925365673,0.9981645100074634
2021-08-06,26.719938239163646,42.279826366712314,0.0018354899925365597,0.9981645100074634
2021-08-07,26.719938239163653,42.279826366712314,0.0018354899925365673,0.9981645100074634
2021-08-08,26.719938239163653,42.279826366712314,0.0018354899925365673,0.9981645100074634
2021-08-09,26.71993823916365,42.279826366712314,0.0018354899925365636,0.9981645100074634
2021-08-10,26.719938239163653,42.279826366712314,0.0018354899925365673,0.9981645100074634
2021-08-11,26.71993823916365,42.27982636671231,0.0018354899925365708,0.9981645100074634
2021-08-12,26.719938239163646,42.279826366712314,0.0018354899925365597,0.9981645100074634
2021-08-13,26.719938239163653,42.27982636671232,0.0018354899925365597,0.9981645100074634
2021-08-14,26.71993823916365,42.279826366712314,0.0018354899925365636,0.9981645100074634
2021-08-15,26.719938239163646,42.279826366712314,0.0018354899925365597,0.9981645100074634
2021-08-16,26.719938239163653,42.279826366712314,0.0018354899925365673,0.9981645100074634
2021-08-17,26.719938239163653,42.27982636671232,0.0018354899925365597,0.9981645100074634
2021-08-18,31.56022744290463,42.61891466628861,0.019474336016060224,0.9805256639839398
2021-08-19,31.560227442904637,42.618914666288624,0.019474336016060172,0.9805256639839398
2021-08-20,31.56022744290463,42.61891466628862,0.019474336016060172,0.9805256639839398
2021-08-21,31.560227442904626,42.61891466628861,0.019474336016060176,0.9805256639839398
2021-08-22,31.560227442904623,42.6189146662886,0.019474336016060224,0.9805256639839398
2021-08-23,31.560227442904623,42.6189146662886,0.019474336016060224,0.9805256639839398
2021-08-24,31.56022744290463,42.61891466628861,0.019474336016060224,0.9805256639839398
2021-08-25,31.560227442904626,42.61891466628862,0.019474336016060117,0.9805256639839399
2021-08-26,31.560227442904626,42.61891466628861,0.019474336016060176,0.9805256639839398
2021-08-27,31.560227442904623,42.61891466628861,0.019474336016060172,0.9805256639839398
2021-08-28,31.56022744290463,42.61891466628861,0.019474336016060224,0.9805256639839398
2021-08-29,31.560227442904633,42.61891466628862,0.019474336016060176,0.9805256639839398
2021-08-30,31.56022744290463,42.61891466628861,0.019474336016060224,0.9805256639839398
2021-08-31,31.560227442904637,42.618914666288624,0.019474336016060172,0.9805256639839398
2021-09-01,31.56022744290463,42.61891466628862,0.019474336016060172,0.9805256639839398
2021-09-02,39.50977152806141,44.873068943959986,0.15832579946732622,0.8416742005326738
2021-09-03,39.50977152806141,44.87306894396001,0.15832579946732533,0.8416742005326747
2021-09-04,39.5097715280614,44.873068943959986,0.158325799467326,0.841674200532674
2021-09-05,39.50977152806139,44.873068943959986,0.15832579946732567,0.8416742005326743
2021-09-06,39.281501415488165,40.899805756016804,0.3812696460360284,0.6187303539639716
2021-09-07,39.281501415488165,40.899805756016804,0.3812696460360284,0.6187303539639716
2021-09-08,39.281501415488165,40.899805756016804,0.3812696460360284,0.6187303539639716
2021-09-09,39.28150141548816,40.8998057560168,0.3812696460360284,0.6187303539639716
2021-09-10,39.28150141548816,40.899805756016804,0.3812696460360279,0.6187303539639721
2021-09-11,39.281501415488165,40.899805756016804,0.3812696460360284,0.6187303539639716
2021-09-12,39.28150141548815,40.899805756016804,0.3812696460360274,0.6187303539639726
2021-09-13,39.28150141548816,40.899805756016804,0.3812696460360279,0.6187303539639721
2021-09-14,39.28150141548816,40.899805756016804,0.3812696460360279,0.6187303539639721
2021-09-15,42.28849693871682,44.05550340397855,0.37073338366466524,0.6292666163353348
2021-09-16,42.28849693871682,44.05550340397855,0.37073338366466524,0.6292666163353348
2021-09-17,42.28849693871682,44.05550340397854,0.3707333836646657,0.6292666163353343
2021-09-18,42.28849693871682,44.05550340397855,0.37073338366466524,0.6292666163353348
2021-09-19,42.28849693871681,44.055503403978534,0.3707333836646657,0.6292666163353343
2021-09-20,42.28849693871682,44.055503403978555,0.3707333836646647,0.6292666163353353
2021-09-21,40.12607056380078,39.943884162104304,0.5135675588005778,0.4864324411994222
2021-09-22,40.12607056380078,39.943884162104304,0.5135675588005778,0.4864324411994222
2021-09-23,40.36573349919984,42.97586943009792,0.3130124803109665,0.6869875196890335
2021-09-24,42.54588414658606,42.076164786134505,0.5349423036944246,0.46505769630557536
2021-09-25,42.545884146586054,42.0761647861345,0.5349423036944246,0.46505769630557536
2021-09-26,42.545884146586054,42.076164786134505,0.5349423036944242,0.4650576963055758
2021-09-27,42.545884146586054,42.0761647861345,0.5349423036944246,0.46505769630557536
2021-09-28,42.545884146586054,42.076164786134505,0.5349423036944242,0.4650576963055758
2021-09-29,42.545884146586054,42.076164786134505,0.5349423036944242,0.4650576963055758
2021-09-30,42.54588414658606,42.076164786134505,0.5349423036944246,0.46505769630557536
2021-10-01,42.545884146586054,42.076164786134505,0.5349423036944242,0.4650576963055758
2021-10-02,42.54588414658605,42.0761647861345,0.5349423036944242,0.4650576963055758
2021-10-03,42.54588414658607,42.076164786134505,0.5349423036944252,0.4650576963055748
2021-10-04,42.545884146586054,42.076164786134505,0.5349423036944242,0.4650576963055758
2021-10-05,42.545884146586054,42.0761647861345,0.5349423036944246,0.46505769630557536
2021-10-06,40.507689872023576,39.843084550222784,0.5493764607347357,0.45062353926526433
2021-10-07,40.507689872023576,39.84308455022278,0.5493764607347362,0.4506235392652638
2021-10-08,40.507689872023576,39.84308455022278,0.5493764607347362,0.4506235392652638
2021-10-09,40.507689872023576,39.843084550222784,0.5493764607347357,0.45062353926526433
2021-10-10,40.507689872023576,39.84308455022278,0.5493764607347362,0.4506235392652638
2021-10-11,40.50768987202357,39.84308455022278,0.5493764607347357,0.45062353926526433
2021-10-12,40.50768987202356,39.84308455022277,0.5493764607347357,0.45062353926526433
2021-10-13,40.507689872023576,39.843084550222784,0.5493764607347357,0.45062353926526433
2021-10-14,40.507689872023576,39.84308455022278,0.5493764607347362,0.4506235392652638
2021-10-15,40.507689872023576,39.84308455022278,0.5493764607347362,0.4506235392652638
2021-10-16,40.50768987202359,39.84308455022279,0.5493764607347362,0.4506235392652638
2021-10-17,40.507689872023576,39.84308455022278,0.5493764607347362,0.4506235392652638
2021-10-18,38.88373550928562,38.26248476119112,0.5461703811081009,0.4538296188918991
2021-10-19,30.140835109478644,40.67678536900945,0.02458409143166711,0.9754159085683329
2021-10-20,33.72011894423277,40.941980341319066,0.08876995376412722,0.9112300462358728
2021-10-21,33.72011894423277,40.941980341319066,0.08876995376412722,0.9112300462358728
2021-10-22,35.7646503912598,40.73444444525162,0.17673157927980854,0.8232684207201915
2021-10-23,35.76465039125979,40.73444444525161,0.17673157927980854,0.8232684207201915
2021-10-24,35.7646503912598,40.734444445251626,0.1767315792798082,0.8232684207201918
2021-10-25,35.76465039125979,40.73444444525161,0.17673157927980854,0.8232684207201915
2021-10-26,35.7646503912598,40.734444445251626,0.1767315792798082,0.8232684207201918
2021-10-27,35.76465039125979,40.73444444525161,0.17673157927980854,0.8232684207201915
2021-10-28,35.76465039125979,40.73444444525162,0.1767315792798082,0.8232684207201918
2021-10-29,38.09871379222001,42.06521599443366,0.22947657618209671,0.7705234238179033
2021-10-30,38.09871379222,42.06521599443366,0.22947657618209633,0.7705234238179037
2021-10-31,38.098713792219996,42.06521599443365,0.22947657618209633,0.7705234238179037
2021-11-01,37.63088199183807,41.15902415223608,0.25503552493188597,0.744964475068114
2021-11-02,37.630881991838066,41.15902415223608,0.2550355249318855,0.7449644750681145
2021-11-03,37.630881991838066,41.15902415223607,0.25503552493188597,0.744964475068114
2021-11-04,37.630881991838066,41.159024152236086,0.2550355249318851,0.7449644750681149
2021-11-05,38.6270824173051,41.80958874354991,0.27619097901090595,0.723809020989094
2021-11-06,38.806748252492305,42.10940276366382,0.26874037224619096,0.731259627753809
2021-11-07,38.806748252492305,42.10940276366381,0.26874037224619185,0.7312596277538082
2021-11-08,38.806748252492305,42.10940276366381,0.26874037224619185,0.7312596277538082
2021-11-09,39.67411508534623,41.46622820854933,0.36896373775664054,0.6310362622433594
2021-11-10,39.67411508534623,41.466228208549325,0.36896373775664104,0.631036262243359
2021-11-11,40.03117669523303,40.32003931195733,0.47849446062833256,0.5215055393716674
2021-11-12,40.03117669523303,40.32003931195733,0.47849446062833256,0.5215055393716674
2021-11-13,40.031176695233036,40.320039311957345,0.478494460628332,0.521505539371668
2021-11-14,40.031176695233036,40.32003931195734,0.47849446062833256,0.5215055393716674
2021-11-15,40.03117669523303,40.32003931195734,0.478494460628332,0.521505539371668
2021-11-16,39.00663876631456,40.45850503424717,0.3931674953272135,0.6068325046727865
2021-11-17,39.75714434779134,41.742297523103815,0.3554524714979973,0.6445475285020027
2021-11-18,39.757144347791346,41.742297523103815,0.3554524714979978,0.6445475285020021
2021-11-19,40.52355958248157,42.218517540210236,0.37582681848488264,0.6241731815151174
2021-11-20,40.52355958248155,42.21851754021023,0.3758268184848822,0.6241731815151178
2021-11-21,40.523559582481546,42.21851754021022,0.3758268184848822,0.6241731815151178
2021-11-22,40.523559582481546,42.21851754021023,0.37582681848488164,0.6241731815151184
2021-11-23,41.53985015799837,42.73469122134938,0.4117348358293999,0.5882651641706
2021-11-24,40.108102214167566,43.07467048016987,0.2898313182308284,0.7101686817691716
2021-11-25,40.10810221416757,43.074670480169885,0.289831318230828,0.710168681769172
2021-11-26,40.108102214167566,43.07467048016987,0.2898313182308284,0.7101686817691716
2021-11-27,40.108102214167566,43.074670480169885,0.28983131823082753,0.7101686817691725
2021-11-28,40.10810221416755,43.074670480169864,0.289831318230828,0.710168681769172
2021-11-29,40.108102214167566,43.07467048016987,0.2898313182308284,0.7101686817691716
2021-11-30,40.108102214167566,43.07467048016987,0.2898313182308284,0.7101686817691716
2021-12-01,40.10810221416755,43.074670480169864,0.289831318230828,0.710168681769172
2021-12-02,40.10810221416757,43.074670480169885,0.289831318230828,0.710168681769172
2021-12-03,41.341918750302156,44.31691904576296,0.2892928059769545,0.7107071940230455
2021-12-04,41.34191875030217,44.31691904576297,0.2892928059769545,0.7107071940230455
2021-12-05,41.34191875030216,44.316919045762965,0.2892928059769545,0.7107071940230455
2021-12-06,40.018435902457675,42.5812771781572,0.3161475009682906,0.6838524990317094
2021-12-07,40.018435902457675,42.58127717815721,0.31614750096829014,0.6838524990317099
2021-12-08,40.018435902457675,42.58127717815721,0.31614750096829014,0.6838524990317099
2021-12-09,40.01843590245766,42.581277178157194,0.31614750096829014,0.6838524990317099
2021-12-10,40.01843590245766,42.58127717815719,0.3161475009682906,0.6838524990317094
2021-12-11,40.01843590245767,42.58127717815721,0.31614750096828964,0.6838524990317103
2021-12-12,40.01843590245767,42.5812771781572,0.31614750096829014,0.6838524990317099
2021-12-13,40.01843590245766,42.581277178157194,0.31614750096829014,0.6838524990317099
2021-12-14,42.32752363250503,42.6252155918643,0.47783779127927817,0.5221622087207218
2021-12-15,42.32752363250503,42.6252155918643,0.47783779127927817,0.5221622087207218
2021-12-16,42.32752363250503,42.6252155918643,0.47783779127927817,0.5221622087207218
2021-12-17,42.32752363250503,42.6252155918643,0.47783779127927817,0.5221622087207218
2021-12-18,42.32752363250503,42.6252155918643,0.47783779127927817,0.5221622087207218
2021-12-19,40.345757964337565,41.76249479793953,0.39569195003341107,0.6043080499665889
2021-12-20,40.44509726971857,42.86142867909282,0.32594260478476533,0.6740573952152347
2021-12-21,40.44509726971857,42.86142867909282,0.32594260478476533,0.6740573952152347
2021-12-22,40.44509726971857,42.861428679092825,0.3259426047847649,0.6740573952152351
2021-12-23,40.44509726971857,42.86142867909283,0.32594260478476444,0.6740573952152356
2021-12-24,40.445097269718566,42.86142867909282,0.3259426047847649,0.6740573952152351
2021-12-25,40.445097269718566,42.861428679092825,0.32594260478476444,0.6740573952152356
2021-12-26,40.44509726971857,42.861428679092825,0.3259426047847649,0.6740573952152351
2021-12-27,40.44509726971858,42.86142867909283,0.3259426047847649,0.6740573952152351
2021-12-28,40.44509726971857,42.86142867909282,0.32594260478476533,0.6740573952152347
2021-12-29,40.44509726971857,42.861428679092825,0.3259426047847649,0.6740573952152351
2021-12-30,40.44509726971856,42.86142867909282,0.32594260478476444,0.6740573952152356
2021-12-31,40.44509726971857,42.86142867909283,0.32594260478476444,0.6740573952152356
2022-01-01,40.44509726971857,42.86142867909282,0.32594260478476533,0.6740573952152347
2022-01-02,40.44509726971858,42.86142867909283,0.3259426047847649,0.6740573952152351
2022-01-03,40.44509726971857,42.86142867909282,0.32594260478476533,0.6740573952152347
2022-01-04,40.445097269718566,42.86142867909282,0.3259426047847649,0.6740573952152351
2022-01-05,40.44509726971857,42.86142867909283,0.32594260478476444,0.6740573952152356
2022-01-06,40.29551353847101,43.916207580038844,0.24951806779209035,0.7504819322079097
2022-01-07,41.474928023086456,43.85959771923468,0.3280755725549823,0.6719244274450177
2022-01-08,41.47492802308647,43.85959771923469,0.3280755725549823,0.6719244274450177
2022-01-09,41.47492802308647,43.85959771923469,0.3280755725549823,0.6719244274450177
2022-01-10,40.78551579480724,42.227356990310554,0.39388745945144005,0.6061125405485599
2022-01-11,40.78551579480724,42.22735699031056,0.39388745945143955,0.6061125405485605
2022-01-12,40.78551579480725,42.22735699031056,0.3938874594514406,0.6061125405485595
2022-01-13,40.78551579480725,42.22735699031056,0.3938874594514406,0.6061125405485595
2022-01-14,40.78551579480725,42.22735699031056,0.3938874594514406,0.6061125405485595
2022-01-15,40.785515794807246,42.22735699031056,0.39388745945144005,0.6061125405485599
2022-01-16,40.78551579480725,42.22735699031056,0.3938874594514406,0.6061125405485595
2022-01-17,40.78551579480725,42.22735699031056,0.3938874594514406,0.6061125405485595
2022-01-18,40.785515794807246,42.227356990310554,0.3938874594514406,0.6061125405485595
2022-01-19,41.69904789788462,44.152090918708545,0.32347655458079794,0.6765234454192021
2022-01-20,41.699047897884626,44.15209091870854,0.3234765545807989,0.6765234454192011
2022-01-21,41.18538688224677,44.71075607269532,0.25520181406793185,0.7447981859320681
2022-01-22,41.53510751058157,42.45380502789661,0.4319047813980287,0.5680952186019713
2022-01-23,41.53510751058157,42.453805027896614,0.4319047813980282,0.5680952186019719
2022-01-24,43.0247566932201,42.84489079460542,0.5133948145569911,0.4866051854430089
2022-01-25,42.861210080721314,42.39085887125718,0.5349891861587358,0.4650108138412642
2022-01-26,42.8612100807213,42.390858871257166,0.5349891861587358,0.4650108138412642
2022-01-27,42.8612100807213,42.390858871257166,0.5349891861587358,0.4650108138412642
2022-01-28,42.861210080721314,42.39085887125718,0.5349891861587358,0.4650108138412642
2022-01-29,42.861210080721314,42.39085887125717,0.5349891861587363,0.46501081384126375
2022-01-30,42.8612100807213,42.39085887125717,0.5349891861587353,0.46501081384126475
2022-01-31,42.861210080721314,42.39085887125718,0.5349891861587358,0.4650108138412642
2022-02-01,42.86121008072131,42.39085887125718,0.5349891861587353,0.46501081384126475
2022-02-02,42.86121008072131,42.39085887125717,0.5349891861587358,0.4650108138412642
2022-02-03,42.861210080721314,42.39085887125718,0.5349891861587358,0.4650108138412642
2022-02-04,42.86121008072131,42.39085887125717,0.5349891861587358,0.4650108138412642
2022-02-05,42.861210080721314,42.39085887125718,0.5349891861587358,0.4650108138412642
2022-02-06,42.8612100807213,42.390858871257166,0.5349891861587358,0.4650108138412642
2022-02-07,41.08600981751478,40.99608244340016,0.5066979361791206,0.4933020638208794
2022-02-08,41.08600981751478,40.99608244340016,0.5066979361791206,0.4933020638208794
2022-02-09,41.086009817514764,40.99608244340014,0.5066979361791211,0.49330206382087893
2022-02-10,41.99677169649113,41.367489721678346,0.5467645254229103,0.4532354745770897
2022-02-11,41.99677169649112,41.36748972167834,0.5467645254229103,0.4532354745770897
2022-02-12,41.99677169649113,41.36748972167834,0.5467645254229109,0.4532354745770891
2022-02-13,41.99677169649113,41.367489721678346,0.5467645254229103,0.4532354745770897
2022-02-14,41.99677169649112,41.36748972167834,0.5467645254229103,0.4532354745770897
2022-02-15,41.99677169649114,41.36748972167835,0.5467645254229103,0.4532354745770897
2022-02-16,41.99677169649113,41.367489721678346,0.5467645254229103,0.4532354745770897
2022-02-17,41.99677169649113,41.367489721678346,0.5467645254229103,0.4532354745770897
2022-02-18,41.99677169649113,41.36748972167835,0.5467645254229098,0.45323547457709024
2022-02-19,41.996771696491145,41.36748972167835,0.5467645254229109,0.4532354745770891
2022-02-20,41.99677169649112,41.36748972167834,0.5467645254229103,0.4532354745770897
2022-02-21,42.57530068202101,43.38359017361028,0.440022212213693,0.559977787786307
2022-02-22,42.575300682020995,43.383590173610266,0.440022212213693,0.559977787786307
2022-02-23,43.16657797954761,44.509329066751924,0.40102289411954684,0.5989771058804532
2022-02-24,42.043002215169345,42.14921895193137,0.4920889526085411,0.507911047391459
2022-02-25,41.348887898546415,42.98066483618225,0.38031128040664225,0.6196887195933578
2022-02-26,41.348887898546415,42.98066483618226,0.38031128040664175,0.6196887195933583
2022-02-27,41.3488878985464,42.98066483618225,0.38031128040664125,0.6196887195933587
2022-02-28,41.14136328540542,42.36824483370254,0.40940851546433205,0.5905914845356679
2022-03-01,41.14136328540542,42.36824483370254,0.40940851546433205,0.5905914845356679
2022-03-02,41.141363285405426,42.368244833702555,0.40940851546433155,0.5905914845356685
2022-03-03,41.141363285405426,42.368244833702555,0.40940851546433155,0.5905914845356685
2022-03-04,41.14136328540542,42.36824483370254,0.40940851546433205,0.5905914845356679
2022-03-05,41.141363285405426,42.36824483370255,0.40940851546433205,0.5905914845356679
2022-03-06,41.14136328540544,42.368244833702555,0.40940851546433255,0.5905914845356675
2022-03-07,41.14136328540542,42.36824483370254,0.40940851546433205,0.5905914845356679
2022-03-08,41.91256850309217,42.894239755236875,0.4272874366082835,0.5727125633917165
2022-03-09,40.70048922974968,42.03606286144726,0.4015410554294967,0.5984589445705033
2022-03-10,41.096089833906966,42.2715325333585,0.41314478157274215,0.5868552184272579
2022-03-11,41.09608983390696,42.27153253335849,0.4131447815727427,0.5868552184272573
2022-03-12,41.096089833906966,42.2715325333585,0.41314478157274215,0.5868552184272579
2022-03-13,41.096089833906966,42.271532533358496,0.4131447815727427,0.5868552184272573
2022-03-14,41.09608983390696,42.271532533358496,0.41314478157274215,0.5868552184272579
2022-03-15,41.07794936915909,41.2763382843893,0.4852263569825814,0.5147736430174186
2022-03-16,41.0779493691591,41.276338284389304,0.4852263569825814,0.5147736430174186
2022-03-17,41.07794936915911,41.27633828438931,0.4852263569825814,0.5147736430174186
2022-03-18,41.07794936915909,41.2763382843893,0.4852263569825814,0.5147736430174186
2022-03-19,41.07794936915911,41.27633828438931,0.4852263569825814,0.5147736430174186
2022-03-20,41.07794936915911,41.276338284389304,0.48522635698258193,0.5147736430174181
2022-03-21,40.473817556946194,40.87042885739886,0.4704853372013498,0.5295146627986502
2022-03-22,42.769456049548744,42.58799046957898,0.5135138992403186,0.48648610075968135
2022-03-23,43.08434664711155,43.21298785193338,0.49041906612804276,0.5095809338719572
2022-03-24,43.08434664711157,43.21298785193339,0.49041906612804326,0.5095809338719568
2022-03-25,42.384283600179046,43.13603918857785,0.4441887073729722,0.5558112926270278
2022-03-26,42.384283600179046,43.13603918857785,0.4441887073729722,0.5558112926270278
2022-03-27,42.384283600179046,43.13603918857785,0.4441887073729722,0.5558112926270278
2022-03-28,42.384283600179046,43.13603918857786,0.4441887073729712,0.5558112926270288
2022-03-29,42.384283600179046,43.13603918857785,0.4441887073729722,0.5558112926270278
2022-03-30,42.384283600179046,43.136039188577854,0.4441887073729717,0.5558112926270282
2022-03-31,42.384283600179046,43.13603918857785,0.4441887073729722,0.5558112926270278
2022-04-01,42.38428360017905,43.136039188577854,0.4441887073729722,0.5558112926270278
2022-04-02,42.384283600179046,43.13603918857785,0.4441887073729722,0.5558112926270278
2022-04-03,42.384283600179046,43.13603918857786,0.4441887073729712,0.5558112926270288
2022-04-04,40.99758486794448,42.12118351700195,0.41691845527918375,0.5830815447208162
2022-04-05,40.84344968073915,41.484426271265555,0.45237050293158554,0.5476294970684145
2022-04-06,40.84344968073915,41.48442627126555,0.4523705029315861,0.5476294970684139
2022-04-07,40.84344968073915,41.484426271265555,0.45237050293158554,0.5476294970684145
2022-04-08,40.84344968073915,41.484426271265555,0.45237050293158554,0.5476294970684145
2022-04-09,40.84344968073914,41.484426271265555,0.45237050293158504,0.547629497068415
2022-04-10,40.843449680739134,41.48442627126555,0.45237050293158504,0.547629497068415
2022-04-11,40.843449680739134,41.48442627126555,0.45237050293158504,0.547629497068415
2022-04-12,40.84344968073915,41.48442627126555,0.4523705029315861,0.5476294970684139
2022-04-13,40.84344968073914,41.48442627126555,0.45237050293158554,0.5476294970684145
2022-04-14,40.84344968073915,41.484426271265555,0.45237050293158554,0.5476294970684145
2022-04-15,40.84344968073915,41.484426271265555,0.45237050293158554,0.5476294970684145
2022-04-16,40.84344968073915,41.48442627126556,0.45237050293158504,0.547629497068415
2022-04-17,40.84344968073915,41.484426271265555,0.45237050293158554,0.5476294970684145
2022-04-18,40.84344968073915,41.48442627126555,0.4523705029315861,0.5476294970684139
2022-04-19,40.88436995981061,41.88057812982462,0.42622295388002396,0.573777046119976
2022-04-20,40.88436995981061,41.88057812982463,0.4262229538800234,0.5737770461199766
2022-04-21,41.685405968673244,42.29308683916025,0.4548337427158789,0.5451662572841212
2022-04-22,41.98108008522212,42.90191674279068,0.4317477794339679,0.5682522205660321
2022-04-23,41.45114844004124,42.03052760536894,0.456928892114077,0.5430711078859229
2022-04-24,41.62845767904163,42.599422256931945,0.4280717844314918,0.5719282155685081
2022-04-25,41.62845767904163,42.599422256931945,0.4280717844314918,0.5719282155685081
2022-04-26,42.21771732842988,42.84420754249428,0.4534419952072329,0.5465580047927672
2022-04-27,42.26604127926648,43.64636434520877,0.39831332442011763,0.6016866755798824
2022-04-28,42.78246785262224,43.858343547594146,0.42039894692398916,0.5796010530760108
2022-04-29,42.78246785262223,43.85834354759414,0.42039894692398916,0.5796010530760108
2022-04-30,42.78246785262225,43.85834354759415,0.42039894692398916,0.5796010530760108
2022-05-01,42.78246785262223,43.858343547594146,0.42039894692398866,0.5796010530760114
2022-05-02,41.99360711852533,42.78628593867382,0.4411720604357996,0.5588279395642004
2022-05-03,41.357469766731356,43.55192053380561,0.34100633279624015,0.6589936672037598
2022-05-04,41.35746976673134,43.551920533805585,0.34100633279624065,0.6589936672037593
2022-05-05,41.35746976673134,43.55192053380559,0.34100633279624015,0.6589936672037598
2022-05-06,41.35746976673134,43.5519205338056,0.34100633279623965,0.6589936672037604
2022-05-07,41.35746976673135,43.5519205338056,0.34100633279624015,0.6589936672037598
2022-05-08,41.357469766731356,43.55192053380561,0.34100633279624015,0.6589936672037598
2022-05-09,41.35746976673135,43.55192053380559,0.34100633279624065,0.6589936672037593
2022-05-10,41.35746976673135,43.55192053380559,0.34100633279624065,0.6589936672037593
2022-05-11,41.35746976673134,43.5519205338056,0.34100633279623965,0.6589936672037604
2022-05-12,41.357469766731356,43.55192053380561,0.34100633279624015,0.6589936672037598
2022-05-13,41.35746976673135,43.5519205338056,0.34100633279624015,0.6589936672037598
2022-05-14,41.357469766731356,43.5519205338056,0.34100633279624065,0.6589936672037593
2022-05-15,41.35746976673134,43.551920533805585,0.34100633279624065,0.6589936672037593
2022-05-16,41.357469766731356,43.5519205338056,0.34100633279624065,0.6589936672037593
2022-05-17,41.357469766731356,43.551920533805614,0.34100633279623965,0.6589936672037604
2022-05-18,39.786134865446876,41.685360920955624,0.36144544557370584,0.6385545544262942
2022-05-19,39.78613486544688,41.68536092095564,0.3614454455737053,0.6385545544262947
2022-05-20,40.32284316094286,42.488930326576785,0.342951011164147,0.657048988835853
2022-05-21,40.32284316094287,42.48893032657679,0.342951011164147,0.657048988835853
2022-05-22,40.32284316094287,42.48893032657679,0.342951011164147,0.657048988835853
2022-05-23,40.67029533682059,41.766137797443754,0.4189419731556105,0.5810580268443895
2022-05-24,41.17216797593258,42.10283862602083,0.43102615370219316,0.5689738462978069
2022-05-25,41.17216797593256,42.102838626020805,0.43102615370219316,0.5689738462978069
2022-05-26,41.268379302211024,42.45486422203029,0.41234205305409627,0.5876579469459038
2022-05-27,41.268379302211024,42.454864222030295,0.41234205305409577,0.5876579469459042
2022-05-28,41.268379302211024,42.45486422203029,0.41234205305409627,0.5876579469459038
2022-05-29,41.268379302211024,42.454864222030295,0.41234205305409577,0.5876579469459042
2022-05-30,41.268379302211024,42.45486422203029,0.41234205305409627,0.5876579469459038
2022-05-31,39.674989149005995,41.403663421877205,0.3734405042194536,0.6265594957805465
2022-06-01,39.674989149005995,41.403663421877205,0.3734405042194536,0.6265594957805465
2022-06-02,39.674989149006,41.40366342187722,0.3734405042194531,0.6265594957805469
2022-06-03,39.674989149005995,41.403663421877205,0.3734405042194536,0.6265594957805465
2022-06-04,39.674989149005995,41.403663421877205,0.3734405042194536,0.6265594957805465
2022-06-05,39.674989149005995,41.403663421877205,0.3734405042194536,0.6265594957805465
2022-06-06,39.67498914900599,41.40366342187719,0.373440504219454,0.626559495780546
2022-06-07,39.674989149006,41.403663421877205,0.373440504219454,0.626559495780546
2022-06-08,39.674989149005995,41.403663421877205,0.3734405042194536,0.6265594957805465
2022-06-09,39.67498914900599,41.40366342187719,0.373440504219454,0.626559495780546
2022-06-10,39.674989149006,41.403663421877205,0.373440504219454,0.626559495780546
2022-06-11,39.674989149005995,41.403663421877205,0.3734405042194536,0.6265594957805465
2022-06-12,39.674989149006,41.403663421877205,0.373440504219454,0.626559495780546
2022-06-13,39.674989149006,41.40366342187721,0.3734405042194536,0.6265594957805465
2022-06-14,39.460856549390506,41.592844391537675,0.34529445997016983,0.6547055400298302
2022-06-15,39.460856549390506,41.59284439153768,0.3452944599701694,0.6547055400298306
2022-06-16,37.7708404033443,39.34514771987405,0.3844043958033683,0.6155956041966317
2022-06-17,37.77084040334432,39.34514771987408,0.3844043958033678,0.6155956041966322
2022-06-18,37.77084040334431,39.34514771987407,0.38440439580336727,0.6155956041966327
2022-06-19,37.770840403344316,39.34514771987407,0.3844043958033678,0.6155956041966322
2022-06-20,37.77084040334432,39.34514771987408,0.3844043958033678,0.6155956041966322
2022-06-21,39.41929487224088,40.178558228215536,0.44363502640818886,0.5563649735918111
2022-06-22,39.41929487224089,40.17855822821554,0.44363502640818886,0.5563649735918111
2022-06-23,40.34798143993714,41.96700656808469,0.381218354715517,0.618781645284483
2022-06-24,40.34798143993716,41.96700656808469,0.38121835471551807,0.6187816452844819
2022-06-25,40.34798143993714,41.96700656808469,0.381218354715517,0.618781645284483
2022-06-26,40.34798143993716,41.96700656808469,0.38121835471551807,0.6187816452844819
2022-06-27,40.34798143993714,41.96700656808469,0.381218354715517,0.618781645284483
2022-06-28,40.7787539233555,41.45409931345807,0.44982979843023935,0.5501702015697607
2022-06-29,40.7787539233555,41.45409931345807,0.44982979843023935,0.5501702015697607
2022-06-30,40.47305381205559,41.959735917557644,0.39067000032022103,0.609329999679779
2022-07-01,40.386763978526275,42.14949068163078,0.3710353174179303,0.6289646825820697
2022-07-02,40.38676397852626,42.14949068163077,0.37103531741792983,0.6289646825820702
2022-07-03,40.38676397852626,42.149490681630766,0.3710353174179303,0.6289646825820697
2022-07-04,40.38676397852626,42.14949068163077,0.37103531741792983,0.6289646825820702
2022-07-05,40.38676397852626,42.14949068163077,0.37103531741792983,0.6289646825820702
2022-07-06,40.38676397852626,42.14949068163076,0.37103531741793083,0.6289646825820692
2022-07-07,40.38676397852626,42.14949068163076,0.37103531741793083,0.6289646825820692
2022-07-08,41.05441612608258,41.93708830392124,0.4345504538157689,0.565449546184231
2022-07-09,41.05441612608257,41.93708830392124,0.4345504538157684,0.5654495461842316
2022-07-10,39.30246557970659,40.645686800061235,0.40098895990939115,0.5990110400906088
2022-07-11,39.302465579706585,40.645686800061235,0.40098895990939065,0.5990110400906093
2022-07-12,39.24006885831601,40.512485728362186,0.4061078933812098,0.5938921066187902
2022-07-13,39.240068858316015,40.51248572836219,0.4061078933812098,0.5938921066187902
2022-07-14,39.240068858316,40.51248572836218,0.4061078933812098,0.5938921066187902
2022-07-15,39.80027342890927,41.74421313162682,0.3583225470224818,0.6416774529775182
2022-07-16,39.80027342890927,41.744213131626815,0.3583225470224823,0.6416774529775178
2022-07-17,40.70852543606094,43.164140807258335,0.3233040493175082,0.6766959506824918
2022-07-18,40.70852543606094,43.164140807258335,0.3233040493175082,0.6766959506824918
2022-07-19,41.5199963740946,43.29232349716873,0.3703581265585458,0.6296418734414542
2022-07-20,41.51999637409461,43.29232349716874,0.3703581265585458,0.6296418734414542
2022-07-21,41.668259657623295,43.62631957496533,0.357338314429869,0.642661685570131
2022-07-22,41.66825965762329,43.62631957496532,0.357338314429869,0.642661685570131
2022-07-23,41.66825965762329,43.62631957496533,0.3573383144298685,0.6426616855701315
2022-07-24,41.66825965762329,43.62631957496533,0.3573383144298685,0.6426616855701315
2022-07-25,41.6682596576233,43.62631957496533,0.3573383144298695,0.6426616855701305
2022-07-26,42.15396544773588,43.17464614941754,0.4244321416730559,0.5755678583269441
2022-07-27,42.15396544773587,43.17464614941753,0.4244321416730559,0.5755678583269441
2022-07-28,41.81385761954103,43.62076517282786,0.3679222469553477,0.6320777530446523
2022-07-29,40.56398160693087,42.60744833191822,0.35140555834471615,0.6485944416552838
2022-07-30,40.56398160693087,42.60744833191823,0.35140555834471565,0.6485944416552843
2022-07-31,40.56398160693087,42.60744833191823,0.35140555834471565,0.6485944416552843
2022-08-01,40.56398160693086,42.60744833191822,0.35140555834471565,0.6485944416552843
2022-08-02,40.63264931459015,42.03931815349058,0.39641626409205744,0.6035837359079426
2022-08-03,40.63264931459014,42.03931815349058,0.39641626409205694,0.603583735907943
2022-08-04,40.63264931459015,42.03931815349058,0.39641626409205744,0.6035837359079426
2022-08-05,40.63264931459015,42.03931815349058,0.39641626409205744,0.6035837359079426
2022-08-06,40.63264931459013,42.039318153490576,0.39641626409205694,0.603583735907943
2022-08-07,40.63264931459015,42.03931815349058,0.39641626409205744,0.6035837359079426
2022-08-08,40.63264931459012,42.03931815349056,0.39641626409205694,0.603583735907943
2022-08-09,39.63992688114976,41.3274112828842,0.37635641602118497,0.623643583978815
2022-08-10,39.63992688114976,41.3274112828842,0.37635641602118497,0.623643583978815
2022-08-11,39.63992688114976,41.3274112828842,0.37635641602118497,0.623643583978815
2022-08-12,39.639926881149755,41.32741128288419,0.37635641602118497,0.623643583978815
2022-08-13,39.63992688114976,41.3274112828842,0.37635641602118497,0.623643583978815
2022-08-14,39.63992688114976,41.3274112828842,0.37635641602118497,0.623643583978815
2022-08-15,39.63992688114976,41.32741128288419,0.3763564160211854,0.6236435839788146
2022-08-16,39.63992688114976,41.3274112828842,0.37635641602118497,0.623643583978815
2022-08-17,39.63992688114976,41.3274112828842,0.37635641602118497,0.623643583978815
2022-08-18,38.71064832141817,40.222616968154824,0.3888589010238687,0.6111410989761312
2022-08-19,38.71064832141817,40.222616968154824,0.3888589010238687,0.6111410989761312
2022-08-20,38.71064832141817,40.22261696815483,0.3888589010238682,0.6111410989761318
2022-08-21,38.71064832141816,40.222616968154824,0.3888589010238682,0.6111410989761318
2022-08-22,38.71064832141818,40.22261696815483,0.3888589010238687,0.6111410989761312
2022-08-23,40.76130190757923,39.64496296661226,0.5825524982259164,0.41744750177408363
2022-08-24,40.76130190757922,39.64496296661225,0.5825524982259164,0.41744750177408363
2022-08-25,41.59538719838655,41.1451624221043,0.5334955929675335,0.46650440703246654
2022-08-26,42.706047923605105,41.52242619968583,0.5874498382768142,0.4125501617231858
2022-08-27,42.7060479236051,41.52242619968583,0.5874498382768136,0.41255016172318637
2022-08-28,42.70604792360509,41.52242619968582,0.5874498382768142,0.4125501617231858
2022-08-29,42.36896746753065,41.581915461873265,0.5584133584688329,0.4415866415311671
2022-08-30,42.368967467530645,41.581915461873265,0.5584133584688323,0.44158664153116767
2022-08-31,42.36896746753066,41.58191546187327,0.5584133584688329,0.4415866415311671
2022-09-01,42.36896746753065,41.58191546187327,0.5584133584688323,0.44158664153116767
2022-09-02,42.36896746753065,41.58191546187327,0.5584133584688323,0.44158664153116767
2022-09-03,42.368967467530645,41.581915461873265,0.5584133584688323,0.44158664153116767
2022-09-04,42.36896746753065,41.581915461873265,0.5584133584688329,0.4415866415311671
2022-09-05,42.36896746753065,41.58191546187327,0.5584133584688323,0.44158664153116767
2022-09-06,43.6955461480611,43.46606096991223,0.5170880015241472,0.48291199847585276
2022-09-07,43.57153111871742,42.848066529012996,0.5537239252270125,0.4462760747729875
2022-09-08,43.91447276067281,43.15195660708116,0.5566048260022152,0.44339517399778483
2022-09-09,43.616137551440836,43.43994002665325,0.5131217262189713,0.48687827378102866
2022-09-10,43.61613755144085,43.439940026653254,0.5131217262189718,0.4868782737810282
2022-09-11,43.616137551440836,43.43994002665325,0.5131217262189713,0.48687827378102866
2022-09-12,43.61613755144084,43.439940026653254,0.5131217262189713,0.48687827378102866
2022-09-13,43.61613755144083,43.43994002665323,0.5131217262189718,0.4868782737810282
2022-09-14,43.616137551440836,43.43994002665325,0.5131217262189713,0.48687827378102866
2022-09-15,43.29347817227669,42.17336852443371,0.5828273047474959,0.4171726952525041
2022-09-16,42.44950719921353,41.21140208108037,0.5914056298075389,0.40859437019246114
2022-09-17,42.44950719921353,41.21140208108037,0.5914056298075389,0.40859437019246114
2022-09-18,42.44950719921353,41.211402081080365,0.5914056298075393,0.4085943701924607
2022-09-19,42.449507199213535,41.21140208108038,0.5914056298075389,0.40859437019246114
2022-09-20,44.12291584688257,42.58839355206772,0.6127544260616,0.3872455739384
2022-09-21,44.12291584688257,42.58839355206772,0.6127544260616,0.3872455739384
2022-09-22,44.62280573984142,43.058897019452694,0.6148535988682411,0.3851464011317589
2022-09-23,44.65740769523183,43.60390473037691,0.5779672204968341,0.42203277950316587
2022-09-24,44.65740769523184,43.603904730376904,0.5779672204968352,0.42203277950316476
2022-09-25,44.65740769523183,43.6039047303769,0.5779672204968352,0.42203277950316476
2022-09-26,44.657407695231825,43.6039047303769,0.5779672204968347,0.4220327795031653
2022-09-27,44.65740769523184,43.60390473037691,0.5779672204968347,0.4220327795031653
2022-09-28,44.16264589952044,43.11638063556552,0.5774383778736397,0.4225616221263603
2022-09-29,44.162645899520435,43.11638063556552,0.5774383778736392,0.42256162212636084
2022-09-30,44.16264589952044,43.11638063556552,0.5774383778736397,0.4225616221263603
2022-10-01,44.162645899520435,43.11638063556552,0.5774383778736392,0.42256162212636084
2022-10-02,44.162645899520435,43.11638063556552,0.5774383778736392,0.42256162212636084
2022-10-03,44.162645899520435,43.11638063556552,0.5774383778736392,0.42256162212636084
2022-10-04,43.33129034727252,41.64834393398063,0.62332189545625,0.37667810454374995
2022-10-05,43.33129034727253,41.64834393398063,0.6233218954562506,0.3766781045437494
2022-10-06,37.70375664414569,41.304397454969646,0.2507081292489969,0.7492918707510031
2022-10-07,37.70375664414569,41.304397454969646,0.2507081292489969,0.7492918707510031
2022-10-08,37.70375664414567,41.304397454969624,0.2507081292489969,0.7492918707510031
2022-10-09,37.70375664414569,41.304397454969646,0.2507081292489969,0.7492918707510031
2022-10-10,37.70375664414569,41.304397454969646,0.2507081292489969,0.7492918707510031
2022-10-11,37.703756644145685,41.30439745496964,0.2507081292489969,0.7492918707510031
2022-10-12,39.18399392261428,41.69193019260836,0.31980362618320457,0.6801963738167954
2022-10-13,39.23251938274428,41.03236769842401,0.36841907901767845,0.6315809209823215
2022-10-14,39.849413703560266,41.90009882903327,0.3509057656938045,0.6490942343061955
2022-10-15,39.849413703560266,41.90009882903327,0.3509057656938045,0.6490942343061955
2022-10-16,39.84941370356026,41.90009882903327,0.35090576569380394,0.6490942343061961
2022-10-17,39.849413703560266,41.900098829033276,0.35090576569380394,0.6490942343061961
2022-10-18,40.66602198924232,42.33963759055352,0.3773398152071218,0.6226601847928782
2022-10-19,40.66602198924232,42.33963759055352,0.3773398152071218,0.6226601847928782
2022-10-20,40.903173934471184,42.112071431506884,0.4107138721059232,0.5892861278940769
2022-10-21,40.903173934471184,42.11207143150688,0.4107138721059237,0.5892861278940763
2022-10-22,40.90317393447119,42.112071431506884,0.4107138721059237,0.5892861278940763
2022-10-23,40.90317393447118,42.11207143150688,0.4107138721059232,0.5892861278940769
2022-10-24,40.903173934471184,42.11207143150688,0.4107138721059237,0.5892861278940763
2022-10-25,41.46226424649145,42.06195312336739,0.4554252579767675,0.5445747420232325
2022-10-26,41.46226424649145,42.06195312336738,0.455425257976768,0.544574742023232
2022-10-27,42.42263648801606,42.987431529089186,0.4580090128729322,0.5419909871270678
2022-10-28,42.42263648801607,42.9874315290892,0.4580090128729317,0.5419909871270683
2022-10-29,42.42263648801607,42.9874315290892,0.4580090128729317,0.5419909871270683
2022-10-30,42.42263648801607,42.9874315290892,0.4580090128729317,0.5419909871270683
2022-10-31,42.728973276990786,42.9889253754183,0.48064503696374933,0.5193549630362506
2022-11-01,42.62735456995118,42.014670786583466,0.545536489399433,0.454463510600567
2022-11-02,42.627354569951194,42.01467078658347,0.5455364893994336,0.45446351060056644
2022-11-03,42.72028903878172,42.60663131490737,0.5084651733903753,0.49153482660962466
2022-11-04,42.72028903878173,42.60663131490736,0.5084651733903763,0.49153482660962367
2022-11-05,42.72028903878173,42.60663131490737,0.5084651733903758,0.4915348266096242
2022-11-06,42.720289038781736,42.606631314907375,0.5084651733903758,0.4915348266096242
2022-11-07,42.72028903878173,42.60663131490737,0.5084651733903758,0.4915348266096242
2022-11-08,42.98180066204961,42.687017032072276,0.5219459125660785,0.4780540874339215
2022-11-09,43.27838430773625,43.209097809934086,0.5051606688775913,0.49483933112240874
2022-11-10,43.3664276638993,43.671620667013606,0.47727995940075546,0.5227200405992445
2022-11-11,43.36642766389931,43.67162066701361,0.47727995940075546,0.5227200405992445
2022-11-12,43.3664276638993,43.67162066701361,0.4772799594007549,0.5227200405992452
2022-11-13,43.366427663899316,43.67162066701362,0.47727995940075546,0.5227200405992445
2022-11-14,42.27243999623894,42.54542543542782,0.4796754480158149,0.520324551984185
2022-11-15,42.27243999623894,42.54542543542782,0.4796754480158149,0.520324551984185
2022-11-16,42.272439996238944,42.54542543542783,0.4796754480158149,0.520324551984185
2022-11-17,42.27243999623894,42.54542543542782,0.4796754480158149,0.520324551984185
2022-11-18,41.9578632894475,42.20960885956803,0.48125560410892043,0.5187443958910796
2022-11-19,41.957863289447495,42.209608859568014,0.481255604108921,0.518744395891079
2022-11-20,42.38412891163462,42.326379650892996,0.5043013770326672,0.4956986229673328
2022-11-21,43.57319608130976,42.849864579674716,0.5537141021530793,0.44628589784692074
2022-11-22,43.57319608130977,42.84986457967472,0.5537141021530793,0.44628589784692074
2022-11-23,43.172232174551674,42.0739354016872,0.581237041596376,0.418762958403624
2022-11-24,43.17223217455169,42.07393540168722,0.5812370415963755,0.41876295840362454
2022-11-25,43.17223217455169,42.07393540168723,0.5812370415963749,0.4187629584036251
2022-11-26,43.172232174551674,42.07393540168721,0.5812370415963755,0.41876295840362454
2022-11-27,43.17223217455169,42.073935401687216,0.581237041596376,0.418762958403624
2022-11-28,43.17223217455169,42.073935401687216,0.581237041596376,0.418762958403624
2022-11-29,43.172232174551674,42.073935401687216,0.5812370415963749,0.4187629584036251
2022-11-30,43.172232174551674,42.073935401687216,0.5812370415963749,0.4187629584036251
2022-12-01,43.17223217455169,42.07393540168723,0.5812370415963749,0.4187629584036251
2022-12-02,43.17223217455168,42.073935401687216,0.5812370415963755,0.41876295840362454
2022-12-03,43.12632960274233,41.521199137677925,0.6177925330842902,0.38220746691570984
2022-12-04,43.31932444971053,41.185164409128326,0.6548550008145626,0.3451449991854374
2022-12-05,43.44884886180449,40.95964180403145,0.678945156194976,0.321054843805024
2022-12-06,42.504178113850635,40.09778740454363,0.6733883249547842,0.3266116750452158
2022-12-07,42.70007920526089,40.21594614641694,0.6786058334310762,0.32139416656892383
2022-12-08,42.993447347477854,40.36596812899951,0.6881337906044395,0.31186620939556053
2022-12-09,43.21151995176039,40.32619462847611,0.7049561634625869,0.29504383653741306
2022-12-10,43.396873602233356,40.292388623644115,0.7189170835846246,0.2810829164153754
2022-12-11,43.45676787763499,40.36265891990328,0.7182633671830503,0.2817366328169497
2022-12-12,43.56295982848155,40.39585323428616,0.7228467762956676,0.2771532237043324
2022-12-13,43.60119657152736,40.44871017089748,0.7219317254507122,0.27806827454928784
2022-12-14,43.63515522734584,40.41050188789922,0.7264341418857614,0.2735658581142386
2022-12-15,43.793128703061576,40.8437735081416,0.7090679102302128,0.29093208976978724
2022-12-16,43.567924992948534,41.03876783847913,0.6816115749580539,0.3183884250419461
2022-12-17,43.52719409240048,41.035987455518075,0.6790788366714243,0.3209211633285757
2022-12-18,43.56071116103413,40.96254661628134,0.6861952375765339,0.3138047624234661
2022-12-19,43.51477570593048,40.96561493085369,0.6829431761861805,0.3170568238138195
2022-12-20,43.59213684765573,40.902422671642285,0.6922320463644391,0.30776795363556086
2022-12-21,43.553000294142684,40.84277815987116,0.6935773199364664,0.30642268006353357
2022-12-22,43.58236591927639,40.78741188738965,0.699107766048243,0.300892233951757
2022-12-23,43.60964763366606,40.73597464313607,0.7042050270355216,0.29579497296447843
2022-12-24,43.699992681454155,40.68815103675039,0.7130545365830093,0.2869454634169907
2022-12-25,43.719390992035116,40.70831502165845,0.7130058436743203,0.2869941563256797
2022-12-26,43.57032517915415,40.963007372835754,0.6868010900008026,0.3131989099991974
2022-12-27,43.59452173861099,40.9650905628651,0.6882626876892535,0.31173731231074653
2022-12-28,43.61744071854361,40.91054043441262,0.6933595907693552,0.30664040923064484
2022-12-29,43.58241834445256,40.85889290492309,0.6944485937667468,0.30555140623325316
2022-12-30,43.64245135450964,40.923153685809595,0.6941718232494917,0.30582817675050833
2022-12-31,43.60671069078651,40.87179707302066,0.6951935666087039,0.3048064333912961
2023-01-01,43.62868655044743,40.823083594976154,0.6997996251398476,0.3002003748601524
2023-01-02,43.7056305595573,40.77690060767249,0.7077463640002151,0.29225363599978493
2023-01-03,43.726296768696244,40.72235829372104,0.7125517478679679,0.28744825213203207
2023-01-04,43.741556820573955,40.68208392434668,0.7160759140580175,0.2839240859419825
2023-01-05,43.70003479416748,40.64389196665389,0.715865174794858,0.284134825205142
2023-01-06,43.57668863063707,40.61731416208419,0.7097088779066523,0.29029112209334773
2023-01-07,43.60002429756685,40.63841028635268,0.7098520587249165,0.2901479412750835
2023-01-08,43.62218204973257,40.60304379579085,0.7135183665364992,0.28648163346350075
2023-01-09,43.99286156409138,40.961764856738945,0.7142777698033486,0.28572223019665144
2023-01-10,43.99323423969833,40.911554095399545,0.7174793560640772,0.2825206439359228
2023-01-11,43.993590241657145,40.863589782587916,0.7205215018637369,0.27947849813626313
2023-01-12,43.99393002753849,40.817810269585046,0.7234101584561485,0.27658984154385147
2023-01-13,43.93609925122188,40.77022683668794,0.7227695882464504,0.27723041175354957
2023-01-14,43.936099251221876,40.770226836687925,0.7227695882464509,0.2772304117535491
2023-01-15,43.936099251221876,40.770226836687925,0.7227695882464509,0.2772304117535491
2023-01-16,43.93609925122188,40.77022683668794,0.7227695882464504,0.27723041175354957
2023-01-17,43.63732178292495,40.516887763528295,0.7199204836944025,0.28007951630559746
2023-01-18,43.507822000004516,40.356072740893005,0.7218855501278141,0.2781144498721859
2023-01-19,43.507822000004516,40.35607274089301,0.7218855501278136,0.27811444987218636
2023-01-20,43.36907050562976,40.56993662072645,0.6993794162560245,0.3006205837439755
2023-01-21,43.370616294676005,40.6364708816603,0.6951433388706075,0.30485666112939247
2023-01-22,43.355356099275824,40.68570308977317,0.690913575914857,0.309086424085143
2023-01-23,43.39685309907717,40.70593500200656,0.692311092422717,0.30768890757728296
2023-01-24,43.627150637217575,41.078330600047174,0.6829205136994115,0.31707948630058846
2023-01-25,43.57689172209611,41.245402424649555,0.6683291818003048,0.33167081819969524
2023-01-26,43.58053484048982,41.25061688412065,0.6682227134533074,0.3317772865466926
2023-01-27,43.54884872144346,41.18235707832121,0.6706972750037639,0.32930272499623614
2023-01-28,43.518728136967496,41.172349399396644,0.6693373601830581,0.3306626398169419
2023-01-29,43.490113376039226,41.10767872626862,0.671773645034329,0.328226354965671
2023-01-30,43.2417923693487,40.89299269377794,0.6695011684241515,0.3304988315758485
2023-01-31,43.22876591764532,40.844883126762674,0.6718713438331938,0.3281286561668062
2023-02-01,43.21636501196987,40.85329167701129,0.6704663079731039,0.3295336920268961
2023-02-02,43.24505194838388,41.02225778231039,0.6609327501086627,0.3390672498913373
2023-02-03,43.23190333201046,41.021063508839596,0.6601154228279524,0.33988457717204756
2023-02-04,43.2193804948092,41.01992607416023,0.6593362939489986,0.3406637060510014
2023-02-05,43.20746211099446,41.01884354127615,0.6585941401318294,0.3414058598681706
2023-02-06,43.195109166753,40.958178403936905,0.6618983028931518,0.33810169710684823
2023-02-07,43.10553926759747,41.03098405327185,0.6507451279196295,0.34925487208037054
2023-02-08,43.100057073342796,41.02937459924871,0.6504774757690114,0.3495225242309886
2023-02-09,43.14718496598163,41.0278363206327,0.6538354065227395,0.3461645934772605
2023-02-10,43.1921894121962,40.97359571444715,0.6606456470374169,0.3393543529625831
2023-02-11,43.235130285047084,40.92184218408568,0.6670951035847076,0.3329048964152924
2023-02-12,43.36547189031132,40.97159187369173,0.672545485348732,0.32745451465126796
2023-02-13,43.38049331379656,40.99554665257498,0.6719431103246831,0.3280568896753169
2023-02-14,43.265009659837084,41.01784072694632,0.6625969228540235,0.3374030771459765
2023-02-15,43.37762735753765,41.149306784468784,0.6613103390770912,0.33868966092290875
2023-02-16,43.35866652471724,41.141810026295005,0.6605268817488126,0.3394731182511874
2023-02-17,43.270669164612194,41.279740121853344,0.6449491059297331,0.3550508940702669
2023-02-18,43.257207695623514,41.26582751758381,0.6449804651390861,0.35501953486091387
2023-02-19,43.2442827337,41.25246940038337,0.6450105736025141,0.3549894263974859
2023-02-20,42.943085824849355,41.122478760590326,0.6330412993976633,0.3669587006023367
2023-02-21,42.85995064861339,40.27312377887749,0.6854441027966729,0.3145558972033271
2023-02-22,42.819931082716074,40.30695045355621,0.6805330162054816,0.31946698379451843
2023-02-23,42.78125228432699,40.339643839922,0.6757561685589591,0.32424383144104085
2023-02-24,42.90367926621518,40.60272247386151,0.6662579849873372,0.33374201501266276
2023-02-25,42.908156059316234,40.62118713062169,0.6653074075128408,0.3346925924871592
2023-02-26,42.8999188705845,40.74549312812315,0.6562482408620535,0.34375175913794653
2023-02-27,43.04086909238865,39.582668732272374,0.7407529599790957,0.25924704002090426
2023-02-28,43.08715363584459,39.874118912120714,0.7257117123607488,0.27428828763925117
2023-03-01,43.08341662323368,39.922394945392334,0.7224661116872029,0.27753388831279713
2023-03-02,43.07977745558452,39.9694069832966,0.7192875590670166,0.2807124409329834
2023-03-03,43.076239033256215,40.01511755798178,0.7161802146460624,0.2838197853539376
2023-03-04,43.027743999679664,40.10455581258583,0.7073908044072994,0.2926091955927006
2023-03-05,42.98073065967782,40.23700562701598,0.6957694224582048,0.30423057754179517
2023-03-06,42.93521803736486,40.36522749722015,0.6843272585782377,0.31567274142176227
2023-03-07,42.93826586433007,40.442139395428605,0.6794076497913341,0.32059235020866594
2023-03-08,42.9290572133876,40.57493653806307,0.6698610897806729,0.33013891021932706
2023-03-09,42.87964564857187,40.57997133113094,0.6661708757563618,0.3338291242436382
2023-03-10,42.98471931630014,40.64035043230284,0.6692013425545842,0.3307986574454158
2023-03-11,42.98542292959126,40.656910831101015,0.6681274461273053,0.33187255387269465
2023-03-12,42.93940501323812,40.719631276478566,0.6607263124302206,0.3392736875697794
2023-03-13,42.94227293055313,40.78023021094511,0.6567713509457009,0.34322864905429906
2023-03-14,43.10659445173888,40.94973210499956,0.6564156117999858,0.34358438820001425
2023-03-15,43.10155351842497,40.952109312278125,0.6559059626312154,0.34409403736878463
2023-03-16,43.096689038430135,40.95440330756234,0.6554138846109016,0.34458611538909845
2023-03-17,43.09200073643015,40.95661422068981,0.6549393792796401,0.3450606207203599
2023-03-18,43.08748770665466,40.95874247880444,0.6544823830748521,0.34551761692514793
2023-03-19,43.13274677869278,40.960788782331015,0.6574518511389231,0.3425481488610769
2023-03-20,43.176214216605516,40.962754080501874,0.6602946401491299,0.33970535985087014
2023-03-21,42.93479069903467,40.8722171167316,0.6499168132099696,0.35008318679003037
2023-03-22,42.79942879473534,41.049602476763646,0.628054091105274,0.371945908894726
2023-03-23,42.613581746177225,40.98679856460045,0.6193335768975082,0.38066642310249177
2023-03-24,42.576839688879915,41.12061934276229,0.6071450850671494,0.39285491493285063
2023-03-25,42.595580534884704,41.15956519151937,0.6056939822474923,0.39430601775250773
2023-03-26,42.65877356735655,41.15238542181414,0.6107416125687736,0.3892583874312264
2023-03-27,42.674361582547036,41.19110642246484,0.6090843678164708,0.3909156321835292
2023-03-28,42.961820728880475,41.40515053398211,0.614336835941262,0.385663164058738
2023-03-29,42.91904330957065,41.43160673758641,0.6093840714312745,0.3906159285687255
2023-03-30,42.90113848999947,41.320495246564654,0.616047505106109,0.38395249489389105
2023-03-31,42.861361211440666,41.35048935974413,0.6110625929422596,0.3889374070577404
2023-04-01,42.85938788674008,41.362808464656894,0.6100391606377888,0.38996083936221115
2023-04-02,42.82439629498798,41.45762222409476,0.6007101235482981,0.3992898764517019
2023-04-03,42.78758704243894,41.43718941511542,0.5995289402612899,0.4004710597387101
2023-04-04,42.65151973671764,41.58292562175731,0.5790694439711997,0.42093055602880025
2023-04-05,42.47532118243717,41.481704104481366,0.5735873495163737,0.4264126504836263
2023-04-06,42.49774128700522,41.50385145975042,0.5736073185849586,0.4263926814150414
2023-04-07,42.452444110285064,41.39644829377772,0.5781493351000064,0.42185066489999357
2023-04-08,42.47621216015611,41.379239451731124,0.5811404679246343,0.41885953207536575
2023-04-09,42.49933265831294,41.40664041834454,0.5808282287289634,0.41917177127103655
2023-04-10,42.52178925474187,41.43325457020349,0.5805249066931513,0.41947509330684873
2023-04-11,42.66397951464985,41.49288883563296,0.5865387426775068,0.41346125732249317
2023-04-12,42.59021137452043,41.45499422476828,0.5839279220135043,0.4160720779864957
2023-04-13,42.65345849645575,41.43458189153357,0.5900105758293921,0.4099894241706079
2023-04-14,42.68774515759244,41.45899492231805,0.5907270642250881,0.40927293577491186
2023-04-15,42.747110890935964,41.438230228385294,0.5965303890905113,0.40346961090948874
2023-04-16,42.75872313519078,41.418107430409975,0.5988229645847865,0.40117703541521355
2023-04-17,42.770978754429116,41.34607489334969,0.604895339801987,0.39510466019801305
2023-04-18,42.86664205534436,41.4766107465057,0.6023860120159147,0.3976139879840853
2023-04-19,42.77649669831349,41.44464015287226,0.5981905292213445,0.4018094707786555
2023-04-20,42.756617883285266,41.561188799173216,0.5883078860282964,0.4116921139717036
2023-04-21,42.912445134952875,41.688784895709084,0.5903577420153345,0.40964225798466547
2023-04-22,42.959347439423695,41.702206476584216,0.5927855655591496,0.40721443444085037
2023-04-23,43.004998369182346,41.71526996360673,0.5951451960770295,0.40485480392297046
2023-04-24,42.872916156844525,41.73380715557707,0.5842113463859331,0.4157886536140669
2023-04-25,42.857860849231145,41.70449476805977,0.5852492440980507,0.4147507559019493
2023-04-26,42.872806770872835,41.705006707184694,0.5862994141891082,0.41370058581089175
2023-04-27,42.92185352564708,41.717842539869714,0.5889312731736267,0.4110687268263733
2023-04-28,43.04729392669444,41.7932201936091,0.5925632949999682,0.4074367050000318
2023-04-29,43.13186641153911,41.802175910130515,0.5980340951591225,0.40196590484087746
2023-04-30,43.17010469177217,41.810889376682,0.600165047232225,0.39983495276777503
2023-05-01,43.210624633582256,41.82012277199892,0.6024199000960461,0.39758009990395393
2023-05-02,42.975330299078436,41.78725201091044,0.5877737487386837,0.4122262512613163
2023-05-03,43.03588160162854,41.83645054109363,0.588598616411941,0.411401383588059
2023-05-04,43.24844232246701,42.0265316422569,0.5902307781920577,0.4097692218079423
2023-05-05,43.292856442859005,42.02496372592975,0.5935644682243711,0.40643553177562886
2023-05-06,43.32130278229565,42.02395950745921,0.5956960877245143,0.4043039122754857
2023-05-07,43.3491561943126,42.022976220633254,0.5977805276718954,0.4022194723281046
2023-05-08,43.37886347202655,42.02192748826275,0.6000006419349951,0.39999935806500486
2023-05-09,43.47743174838268,41.998130642782684,0.6088009004781058,0.39119909952189424
2023-05-10,43.49959531548527,41.99820992740052,0.6103833850516024,0.3896166149483976
2023-05-11,43.56437238119277,41.998287210317315,0.6150089372206663,0.3849910627793337
2023-05-12,43.58350209654957,41.998362424049596,0.6163681108104616,0.3836318891895384
2023-05-13,43.54752699430095,41.97487956691755,0.6154771889783919,0.3845228110216081
2023-05-14,43.627244122223225,41.94168993856468,0.623506765332283,0.376493234667717
2023-05-15,43.604691214964156,41.747827193623266,0.6355873537867518,0.3644126462132482
2023-05-16,43.47054586744975,41.79213157244373,0.6230005375692139,0.3769994624307861
2023-05-17,43.41310461327561,41.78266583004247,0.6195935634801849,0.3804064365198151
2023-05-18,43.38247475069376,41.68253160563355,0.6245263161988704,0.37547368380112955
2023-05-19,43.49448802637699,42.056044119035654,0.6058684772721357,0.39413152272786434
2023-05-20,43.474567043066436,42.05378632127228,0.6045988751086532,0.3954011248913468
2023-05-21,43.4550636589361,42.05157585322556,0.6033548107946585,0.39664518920534153
2023-05-22,43.38855927497409,42.04921855406202,0.5987309233053506,0.4012690766946494
2023-05-23,43.48122810455907,42.0988848462128,0.6018322277913658,0.3981677722086342
2023-05-24,43.46088103817183,42.09470384241954,0.6006670888658918,0.3993329111341082
2023-05-25,43.40615460557116,42.16141436003937,0.5918867493423171,0.4081132506576829
2023-05-26,43.438226223952036,42.23082614018135,0.5891773946363913,0.4108226053636087
2023-05-27,43.41972329320174,42.26330245009909,0.585471549841408,0.41452845015859197
2023-05-28,43.41618611488054,41.19131108757244,0.6610749429028258,0.33892505709717424
2023-05-29,43.27240801139501,41.30541447026338,0.6432839037526576,0.35671609624734235
2023-05-30,43.21853123849393,41.41950961218958,0.6315227238305791,0.36847727616942094
2023-05-31,43.2580993011804,41.47834591276996,0.6301654292498935,0.3698345707501065
2023-06-01,43.078254273085534,41.34315321842131,0.6270138122634261,0.3729861877365739
2023-06-02,42.96583434227891,40.649300219436334,0.6673153236249162,0.3326846763750838
2023-06-03,42.96723243810981,40.66365123545102,0.6664362142357055,0.33356378576429446
2023-06-04,42.968599434756676,40.67768302807726,0.665575775118812,0.33442422488118795
2023-06-05,42.970055285808755,40.69262688335634,0.6646584503639084,0.33534154963609164
2023-06-06,43.067929945715754,40.85087345777846,0.6605405550350684,0.33945944496493163
2023-06-07,43.06502095954464,40.94290620306402,0.6540259064437983,0.3459740935562017
2023-06-08,43.06218781635342,41.03253947401665,0.6476369584362736,0.35236304156372644
2023-06-09,43.10159190778602,41.053189130312056,0.6489362353388959,0.3510637646611041
2023-06-10,42.940143192813764,40.99859696394921,0.6415105252039445,0.35848947479605553
2023-06-11,42.942723775028895,41.0417700462852,0.638675392068774,0.361324607931226
2023-06-12,42.713127684782485,40.99212063722406,0.6260172607801139,0.3739827392198861
2023-06-13,42.707466942813625,41.158050050945384,0.6138188143932436,0.3861811856067564
2023-06-14,42.61355142951009,41.14407838684744,0.6080960736381922,0.3919039263618078
2023-06-15,42.46507440387018,41.28660414682547,0.587075346934517,0.412924653065483
2023-06-16,42.42107015801874,41.455959311856454,0.571499263429169,0.428500736570831
2023-06-17,42.40424085547491,41.477703491923776,0.5686705705447362,0.43132942945526376
2023-06-18,42.42853942767034,41.49900582446124,0.568890420670978,0.43110957932902205
2023-06-19,42.45230412755142,41.5198401160998,0.5691054197494481,0.43089458025055194
2023-06-20,42.50581715969086,41.68016608269533,0.5612560102120895,0.4387439897879105
2023-06-21,42.706445552704125,41.78904982767805,0.5679996684337542,0.43200033156624584
2023-06-22,42.718399445864186,41.79763997456653,0.568246555675481,0.431753444324519
2023-06-23,42.82423088482399,41.868035934834516,0.5708457585840788,0.4291542414159212
2023-06-24,42.796584076497254,41.96834401338965,0.5614465662980003,0.43855343370199973
2023-06-25,42.76405961482031,41.96963652469353,0.5589564435051277,0.44104355649487226
2023-06-26,42.535506069490076,41.94945279987878,0.5435652958191234,0.4564347041808766
2023-06-27,42.25256118781142,41.96717250741916,0.5212471543717723,0.47875284562822773
2023-06-28,42.14881288299051,41.98738884953614,0.512021867783412,0.48797813221658803
2023-06-29,42.403683986891714,42.14707634171525,0.5191061405282166,0.4808938594717834
2023-06-30,42.63213854403209,42.207139893844364,0.5316228850293946,0.4683771149706054
2023-07-01,42.56854401569138,42.19906890998229,0.5274985846874775,0.47250141531252254
2023-07-02,42.58571688220077,42.19114554365611,0.5293631298875343,0.4706368701124657
2023-07-03,42.602546544534945,42.14275695037457,0.5342054632548052,0.4657945367451948
2023-07-04,42.66043919418777,42.095415675781396,0.5420079108921209,0.45799208910787914
2023-07-05,42.71698502992147,42.04917574804231,0.5496132690528369,0.4503867309471631
2023-07-06,42.729148360020176,42.00408459632176,0.5538419557994649,0.44615804420053506
2023-07-07,42.7006198472242,41.947750395500464,0.5558934444492648,0.4441065555507352
2023-07-08,42.71340544352245,41.949981813794835,0.5566717371175148,0.44332826288248517
2023-07-09,42.68240123736594,41.95215557651387,0.5542243843482846,0.4457756156517154
2023-07-10,42.69771138704102,41.954461962340474,0.5551838506117033,0.4448161493882967
2023-07-11,42.6665082423742,41.95649852072741,0.5527306714369443,0.4472693285630557
2023-07-12,42.592292763225736,41.91093783596941,0.5506142468706599,0.44938575312934015
2023-07-13,42.712718108316686,42.099258799865595,0.5455938772897426,0.4544061227102574
2023-07-14,42.72560092002305,42.13965145813407,0.5435576098298213,0.45644239017017874
2023-07-15,42.566310558223705,42.06084470015125,0.5375938703416192,0.4624061296583808
2023-07-16,42.63098831940426,42.01298701342587,0.5459299603018374,0.4540700396981626
2023-07-17,42.647887444882876,41.966596626486194,0.5506095101940766,0.44939048980592344
2023-07-18,42.64388284914443,41.762439242229284,0.5653592685064167,0.4346407314935833
2023-07-19,42.61603625771869,41.815961166026405,0.5593727953222809,0.4406272046777191
2023-07-20,42.632925204960685,41.824056258909366,0.5600204594719299,0.4399795405280701
2023-07-21,42.57529700960741,41.92045550155463,0.5486546981451049,0.4513453018548951
2023-07-22,42.5940627628381,41.92397022234175,0.5497820165099564,0.4502179834900436
2023-07-23,42.61228798256945,41.8824870599565,0.5541915642505493,0.4458084357494507
2023-07-24,42.631565353168455,41.83860905427501,0.5588483824061439,0.4411516175938561
2023-07-25,42.7072406768642,41.96299514777413,0.5552573336569984,0.44474266634300164
2023-07-26,42.698896826408514,41.869325682417134,0.5615445317586577,0.4384554682413423
2023-07-27,42.452872737262304,41.825667643552194,0.5466108892490928,0.45338911075090715
2023-07-28,42.53465901645652,41.898461273897034,0.5472760650739352,0.4527239349260648
2023-07-29,42.55428801141074,41.902744376423605,0.54841087564786,0.45158912435214005
2023-07-30,42.61637874806045,41.90692133100297,0.5526898925680832,0.4473101074319168
2023-07-31,42.682330303064354,41.86369210771517,0.5607397727510829,0.4392602272489171
2023-08-01,42.740628340790636,41.869722816826304,0.5645847710529993,0.4354152289470007
2023-08-02,42.51959158823334,41.726069588242964,0.5588900591238697,0.4411099408761303
2023-08-03,42.49689583291851,41.78171485573401,0.5531124589274425,0.44688754107255746
2023-08-04,42.62142873908139,41.81059357371386,0.560165248899144,0.439834751100856
2023-08-05,42.59490265511995,41.818678508398285,0.5576153871106979,0.4423846128893021
2023-08-06,42.612499581230686,41.78311612961993,0.5615307181227226,0.4384692818772774
2023-08-07,42.475170781150325,41.70432176657354,0.5572191735955383,0.4427808264044617
2023-08-08,42.282159332309526,41.65965238485561,0.5462633206753654,0.4537366793246346
2023-08-09,42.31024742225642,41.633841120109196,0.5502485970490815,0.44975140295091853
2023-08-10,42.37777602930623,41.608510543020195,0.5571024371039465,0.44289756289605353
2023-08-11,42.44393302688089,41.62447613564106,0.5608000445456638,0.4391999554543362
2023-08-12,42.508637030893084,41.640091078985975,0.5644113200095615,0.4355886799904385
2023-08-13,42.571815627753686,41.655337897566234,0.5679322861978647,0.43206771380213527
2023-08-14,42.59421378887573,41.62105742221384,0.5720888045195528,0.4279111954804472
2023-08-15,42.88742382331668,41.78973192633276,0.581192924196014,0.418807075803986
2023-08-16,42.811613106168274,41.648698165271014,0.5859440570825124,0.4140559429174876
2023-08-17,42.93279240936329,41.67793607187054,0.5926200102214573,0.40737998977854273
2023-08-18,42.99077234924592,41.66527137865332,0.5977314781256117,0.40226852187438833
2023-08-19,43.03193052888695,41.63814037516549,0.602656693422421,0.397343306577579
2023-08-20,43.03060279529457,41.61160525525684,0.6044706408276631,0.3955293591723369
2023-08-21,43.0762883685188,41.582781635240444,0.6098190359058147,0.39018096409418535
2023-08-22,42.92565316766379,41.68789884421966,0.5913801895024328,0.40861981049756724
2023-08-23,42.928521538835895,41.66135905560889,0.5935115786776098,0.40648842132239016
2023-08-24,42.894002878419364,41.77765929781269,0.5825528363844708,0.41744716361552925
2023-08-25,42.85868262103822,41.786443532200664,0.579335572062874,0.420664427937126
2023-08-26,42.57011061044374,41.7594223762159,0.5601544293893992,0.4398455706106008
2023-08-27,42.68050805386515,41.91529860141994,0.5568034068123787,0.4431965931876213
2023-08-28,42.57528346814936,41.929341283598006,0.5479967003663953,0.45200329963360475
2023-08-29,42.63076526435933,41.893150558949706,0.5547681393344801,0.4452318606655199
2023-08-30,42.65332495691565,41.94408034663647,0.5526741800391821,0.4473258199608179
2023-08-31,42.618778769051964,41.90006623394265,0.5533731612806658,0.4466268387193342
2023-09-01,42.75118250111113,42.12950463169231,0.5462019818468276,0.45379801815317244
2023-09-02,42.76085715423984,42.12446916434869,0.5472901360225316,0.4527098639774684
2023-09-03,42.81007873281547,42.11952496540165,0.5512938271474818,0.44870617285251824
2023-09-04,42.85832454870419,42.07413339467078,0.5582025476684858,0.44179745233151424
2023-09-05,42.74635260177168,41.92184087517419,0.5611721465686376,0.43882785343136244
2023-09-06,42.64728452470939,41.88724228880473,0.5564224079537635,0.4435775920462365
2023-09-07,42.743496048373096,41.95894303766708,0.558229213121285,0.44177078687871496
2023-09-08,42.75382045657489,41.9605956002727,0.5588681678323352,0.44113183216766483
2023-09-09,42.763929178429365,41.96221363933129,0.5594936257771967,0.44050637422280325
2023-09-10,42.815666178768886,41.96379522585582,0.5631851972631584,0.4368148027368416
2023-09-11,42.87691516588324,41.96566759132008,0.5675483470687075,0.4324516529312925
2023-09-12,43.24571314316706,42.307943021922625,0.5694946678641648,0.4305053321358352
2023-09-13,42.88665005138861,42.07180614734908,0.5604604214268035,0.4395395785731965
2023-09-14,42.85706890834939,42.06798354547233,0.5585631826998075,0.44143681730019246
2023-09-15,42.61773576294867,42.00317611878125,0.5456752991289464,0.4543247008710536
2023-09-16,42.77017538722097,42.22056690117372,0.5408659199419448,0.4591340800580552
2023-09-17,42.74311230027552,42.21281643118623,0.5394347095340623,0.46056529046593775
2023-09-18,42.588252600933956,42.113456161653154,0.5353190032933138,0.46468099670668617
2023-09-19,42.93878341778972,42.375548521787444,0.5418754220826352,0.45812457791736483
2023-09-20,43.00726433268729,42.654396232316174,0.526264419667317,0.47373558033268304
2023-09-21,42.95394649741365,42.77241477599746,0.5135188229657812,0.4864811770342188
2023-09-22,42.923235583341864,42.74754801053655,0.5130837628751151,0.48691623712488485
2023-09-23,42.92577764615035,42.72279286905459,0.515115726089484,0.48488427391051603
2023-09-24,42.92830349375585,42.69819563462484,0.5171343393203458,0.4828656606796542
2023-09-25,42.846997367977934,42.58869658496755,0.5192321084824755,0.4807678915175245
2023-09-26,42.92476093579492,42.78769743509937,0.5102080765341064,0.4897919234658936
2023-09-27,42.8482534968011,42.73380787069428,0.5085238470752943,0.4914761529247057
2023-09-28,42.81914587828232,42.74294219077874,0.5056758489980527,0.49432415100194727
2023-09-29,42.906377317334695,42.88444273744809,0.5016337951566754,0.4983662048433246
2023-09-30,42.80619413197217,42.91669472118501,0.4917699346653958,0.5082300653346041
2023-10-01,42.812861658940186,42.91956068287509,0.49205303648801535,0.5079469635119847
2023-10-02,42.82021832619141,42.92272286378709,0.4923654037045226,0.5076345962954774
2023-10-03,42.57211940095991,42.868536898173595,0.4779325738500017,0.5220674261499982
2023-10-04,42.4191711993041,42.818025283670664,0.47031874315324795,0.529681256846752
2023-10-05,42.27682844634665,42.65508526968423,0.47184889975558086,0.5281511002444191
2023-10-06,42.28050369808221,42.62910947062359,0.4740523803161812,0.5259476196838189
2023-10-07,42.34027478955386,42.60724111320264,0.4801232133101941,0.519876786689806
2023-10-08,42.323063077049284,42.657707743756,0.4750901614293159,0.5249098385706841
2023-10-09,42.25578818582362,42.596473240812244,0.47464113566256305,0.525358864337437
2023-10-10,42.36102042180702,42.70125570774367,0.4746745691476634,0.5253254308523365
2023-10-11,42.258441841035534,42.61395142898745,0.47353925856247614,0.5264607414375239
2023-10-12,42.31956226254314,42.59491806528453,0.4794991223830566,0.5205008776169434
2023-10-13,42.308559457786416,42.608865386231244,0.47764339264263606,0.522356607357364
2023-10-14,42.33299162730916,42.58735102393294,0.48106113011806445,0.5189388698819355
2023-10-15,42.35715707736699,42.529841922902676,0.48713977736431735,0.5128602226356826
2023-10-16,42.49122790784357,42.53480091061345,0.4967544956416799,0.5032455043583202
2023-10-17,42.406105425226706,42.500701071189276,0.49295439864754254,0.5070456013524575
2023-10-18,42.30236052371265,42.44140232731289,0.4896446182862365,0.5103553817137635
2023-10-19,42.433486014188844,42.69776398246792,0.4803232096720569,0.5196767903279431
2023-10-20,42.290567425869874,42.54119425563712,0.48133884202517674,0.5186611579748233
2023-10-21,42.18166893918511,42.41750417139003,0.48243946003293753,0.5175605399670624
2023-10-22,42.175196403962104,42.438257442614315,0.4804137430468715,0.5195862569531284
2023-10-23,42.208728233304726,42.46109470430818,0.4812094074187765,0.5187905925812235
2023-10-24,42.16325412020335,42.56023664208896,0.4704577625060144,0.5295422374939855
2023-10-25,42.208801021089144,42.67489673408201,0.4653265760943224,0.5346734239056776
2023-10-26,42.16614123746918,42.60492381498936,0.46735375034965393,0.5326462496503461
2023-10-27,42.46647230795266,42.76179016765623,0.4780143556032696,0.5219856443967303
2023-10-28,42.56495853658655,42.72160193746508,0.488334061238558,0.511665938761442
2023-10-29,42.58064889552391,42.73164274022987,0.48875469556438955,0.5112453044356104
2023-10-30,42.3115019638877,42.45798357307695,0.48909066036833143,0.5109093396316686
2023-10-31,42.43501661898964,42.56882507324438,0.490034298471117,0.509965701528883
2023-11-01,42.34624304600356,42.48606218046264,0.48958673832302835,0.5104132616769717
2023-11-02,42.596113328234516,42.77808756483245,0.4864482352121594,0.5135517647878406
2023-11-03,42.622191780088244,42.906227628458446,0.4788534692096304,0.5211465307903695
2023-11-04,42.72885177262483,43.08877052114617,0.4732115733842226,0.5267884266157774
2023-11-05,42.66882335851254,43.12040982150382,0.4664033404282113,0.5335966595717887
2023-11-06,42.522640052481734,43.09375692416907,0.4575407706525523,0.5424592293474477
2023-11-07,42.50408908227313,43.090429046983125,0.45641347717943764,0.5435865228205623
2023-11-08,42.51072696781665,43.12252706346824,0.4545289035495791,0.5454710964504209
2023-11-09,42.492325067229274,43.1181123155045,0.45349399912058064,0.5465060008794194
2023-11-10,42.47415014319806,43.07683550929386,0.455203465730168,0.544796534269832
2023-11-11,42.4562321499005,43.07393191818397,0.4540923508243576,0.5459076491756424
2023-11-12,41.989042338688556,42.7426074398462,0.4440552498737939,0.555944750126206
2023-11-13,42.06187590562777,42.74078310805463,0.44956660814294325,0.5504333918570568
2023-11-14,42.17917914265144,43.01548358966584,0.4379599656289037,0.5620400343710963
2023-11-15,42.31703985630291,43.2357529006002,0.43190364175808904,0.568096358241911
2023-11-16,42.27102122965005,43.227515469771404,0.42913230130732294,0.5708676986926771
2023-11-17,42.42984763248817,43.47182181837743,0.4228752275934734,0.5771247724065266
2023-11-18,42.477550009948985,43.482254107584716,0.4256010779521898,0.5743989220478102
2023-11-19,42.460378245835095,43.4649131933226,0.4256134574258004,0.5743865425741996
2023-11-20,42.5374782179499,43.78130585267099,0.40817941675551767,0.5918205832444823
2023-11-21,42.56312935545395,43.73305579736364,0.4135459293369885,0.5864540706630115
2023-11-22,42.508637372753434,43.74236169314336,0.40891210166112385,0.5910878983388761
2023-11-23,42.49044817106221,43.71581435846496,0.40951846808421477,0.5904815319157852
2023-11-24,42.50912317610258,43.652929996221644,0.41544659296536895,0.584553407034631
2023-11-25,42.56507129819357,43.59090050608932,0.42405558966918355,0.5759444103308164
2023-11-26,42.58176848603037,43.49143419761863,0.43256778807858254,0.5674322119214175
2023-11-27,42.49578819425367,43.25714308690616,0.4434807998315135,0.5565192001684864
2023-11-28,42.40690508856872,43.103609397676685,0.4482518747284597,0.5517481252715404
2023-11-29,42.524315518705876,43.42753127172205,0.4330413829021081,0.566958617097892
2023-11-30,42.42914855869262,43.41141329790347,0.42724396740496284,0.5727560325950372
2023-12-01,42.335478402740236,43.434109731178246,0.41873855760132994,0.5812614423986701
2023-12-02,42.33830689504211,43.658147464551625,0.40267747542136245,0.5973225245786375
2023-12-03,42.32532354288054,43.67126688931091,0.4007924915449678,0.5992075084550321
2023-12-04,41.95598103846416,43.45204673866864,0.3899976394926138,0.6100023605073862
2023-12-05,42.01930297327929,43.516770821784384,0.3898971998450468,0.6101028001549532
2023-12-06,42.01816316561937,43.44347117192693,0.3950756043443556,0.6049243956556444
2023-12-07,42.03980726988579,43.53925960699683,0.3897550581642135,0.6102449418357865
2023-12-08,42.46556992967847,43.88273785698096,0.3956609442099257,0.6043390557900743
2023-12-09,42.27328128481893,43.715792670825124,0.3938393174706833,0.6061606825293167
2023-12-10,42.263350615321116,43.68978174055729,0.3949948612385776,0.6050051387614224
2023-12-11,42.18721734495193,43.75656129296776,0.3847585107589807,0.6152414892410193
2023-12-12,41.95206471765438,43.517289114384006,0.38505249603479846,0.6149475039652015
2023-12-13,41.94083638203538,43.601594485571056,0.3782522168426292,0.6217477831573708
2023-12-14,42.014192023563915,43.7279043381305,0.3744988627388668,0.6255011372611332
2023-12-15,42.17041784845451,44.00407243979317,0.36604178958959604,0.633958210410404
2023-12-16,42.19970272674316,44.00392867958392,0.3681109531308231,0.6318890468691769
2023-12-17,42.33186439370661,44.02181195682212,0.37618184359272583,0.6238181564072742
2023-12-18,42.289067385053485,43.8978860751009,0.3819448399014349,0.6180551600985651
2023-12-19,42.57015000771176,44.14068201156706,0.384673739329538,0.6153262606704619
2023-12-20,42.541805045593826,44.18340293676206,0.37961313472905034,0.6203868652709497
2023-12-21,42.44847900952697,44.074272613913266,0.3807368111596855,0.6192631888403145
2023-12-22,42.46745451969368,44.03731142610854,0.3847219089271833,0.6152780910728167
2023-12-23,42.48625888031512,44.000683609603456,0.3886831168206847,0.6113168831793153
2023-12-24,42.46951729568138,43.88296380229728,0.39592862402517537,0.6040713759748246
2023-12-25,42.48874675868631,43.81470826355659,0.402235253820303,0.597764746179697
2023-12-26,42.50773049483964,43.7473249394292,0.4084863656654001,0.5915136343345999
2023-12-27,42.49424547700772,43.68314402359264,0.4121666400302542,0.5878333599697458
2023-12-28,42.47538483930211,43.6570749293285,0.412690574586616,0.5873094254133839
2023-12-29,42.45683845922454,43.631440200638686,0.41320593103503167,0.5867940689649683
2023-12-30,42.43863314808986,43.60627689600999,0.41371195555177376,0.5862880444482262
2023-12-31,42.38012237030226,43.58161895399933,0.4112513491672144,0.5887486508327856
2024-01-01,42.32288360323735,43.557497069922334,0.4088476086128616,0.5911523913871384
2024-01-02,42.25084052800191,43.472677152045364,0.4097745962018454,0.5902254037981546
2024-01-03,42.28247370924858,43.42426976832556,0.4155929939814689,0.5844070060185311
2024-01-04,42.341429627393,43.56625827749876,0.40955747280345767,0.5904425271965423
2024-01-05,42.2443588668628,43.58818514869856,0.4009452876718838,0.5990547123281162
2024-01-06,42.183321507950104,43.50530865005887,0.40252237694590876,0.5974776230540912
2024-01-07,42.17570258454136,43.4427473530265,0.4064969473544578,0.5935030526455423
2024-01-08,42.00713947243428,43.1676247890879,0.4142327066112072,0.5857672933887927
2024-01-09,42.00684910134079,43.16080728348745,0.41470766450112817,0.5852923354988718
2024-01-10,42.294880082727055,43.421411718259776,0.4167047584084388,0.5832952415915612
2024-01-11,42.32231385064048,43.366109523224665,0.4227421016406602,0.5772578983593398
2024-01-12,42.30950322089359,43.35155819836064,0.4228693226390053,0.5771306773609948
2024-01-13,42.44069017621216,43.46769058525018,0.4239699398996554,0.5760300601003445
2024-01-14,42.38526574595468,43.48816892717291,0.4184270176405684,0.5815729823594316
2024-01-15,42.330799661784916,43.508293177248916,0.41299566727833537,0.5870043327216646
2024-01-16,42.262912383610164,43.48236392485344,0.4099476951609332,0.5900523048390668
2024-01-17,42.254641479564505,43.45171603068502,0.41157257034374706,0.5884274296562529
2024-01-18,42.360732056653994,43.60668231067383,0.4080255266772753,0.5919744733227247
2024-01-19,42.52214781201814,43.88602867287453,0.3994984882234906,0.6005015117765093
2024-01-20,42.50205651638372,43.85193590527587,0.4005084536315031,0.5994915463684969
2024-01-21,42.44298748170367,43.85775859107413,0.3958333404192341,0.6041666595807659
2024-01-22,42.275898970247034,44.051856289228496,0.3701021656676969,0.6298978343323032
2024-01-23,42.1829729924029,44.1451557656288,0.3570511142883547,0.6429488857116453
2024-01-24,42.13566083579946,44.2301828269126,0.3478761236331698,0.6521238763668302
2024-01-25,41.959038403747776,44.17003724320668,0.33987370015925555,0.6601262998407444
2024-01-26,41.960618340836625,44.16347870614741,0.3404305580826563,0.6595694419173437
2024-01-27,41.962170637667455,44.15703490761649,0.34097801308194087,0.6590219869180591
2024-01-28,41.92344704989003,44.15071486957838,0.33876157728133927,0.6612384227186607
2024-01-29,41.558623301414585,43.643296887424654,0.3485559269615255,0.6514440730384745
2024-01-30,41.87524173827151,43.72679753223103,0.36478503276241503,0.635214967237585
2024-01-31,41.94410486225343,43.88605687583639,0.3584611722942135,0.6415388277057865
2024-02-01,41.930247782743834,43.97499218409459,0.3513170749516681,0.6486829250483319
2024-02-02,42.0211929938806,44.07022087008865,0.3510204887009445,0.6489795112990555
2024-02-03,42.035046230346154,44.13168945028854,0.34772976600848005,0.65227023399152
2024-02-04,41.91057216092856,44.07393248262643,0.3431381907111685,0.6568618092888314
2024-02-05,41.88467868917899,44.068170430610586,0.3417572134208051,0.6582427865791949
2024-02-06,41.85479365821629,44.06586758839852,0.3398685638590704,0.6601314361409296
2024-02-07,41.800155425196294,44.10357330714129,0.3335748761234947,0.6664251238765053
2024-02-08,41.55553974083142,43.9206939543286,0.3293930842146861,0.6706069157853138
2024-02-09,41.59047818450602,44.0781462522153,0.3211577477178096,0.6788422522821904
2024-02-10,41.60790921868863,44.089651168649276,0.3215541232551841,0.6784458767448158
2024-02-11,41.67845370804998,44.10514147120946,0.3252461541041973,0.6747538458958027
2024-02-12,41.69168331432426,44.059671854835386,0.3292016036636238,0.6707983963363762
2024-02-13,41.55901325746655,43.92644941776034,0.3292389176754165,0.6707610823245835
2024-02-14,41.62362600072217,43.930423496390425,0.3333454117316449,0.6666545882683551
2024-02-15,41.8666326357719,44.303541171635416,0.3245594190070473,0.6754405809929527
2024-02-16,41.92787336860151,44.43039872588208,0.32016489610168486,0.6798351038983151
2024-02-17,42.044652387429274,44.717765268823776,0.30885885637339394,0.6911411436266061
2024-02-18,42.043167927275526,44.72714810894853,0.30814455392527174,0.6918554460747283
2024-02-19,42.04169333050903,44.73646860547609,0.3074357162911586,0.6925642837088414
2024-02-20,42.13831649818774,44.75309598835234,0.31270539544031034,0.6872946045596897
2024-02-21,42.09655750765299,44.692277764114806,0.3139666344034613,0.6860333655965387
2024-02-22,42.05799852967029,44.63277108015913,0.3153553531939072,0.6846446468060928
2024-02-23,42.120171929342234,44.70761023097607,0.3145153694716638,0.6854846305283362
2024-02-24,42.287398706495736,44.86267919846753,0.31532164845724225,0.6846783515427577
2024-02-25,42.31197572554594,44.832926118746485,0.31893541361081534,0.6810645863891847
2024-02-26,42.23247929451225,44.69629382999048,0.32275445599198016,0.6772455440080198
2024-02-27,42.438716127159005,44.15555550747161,0.3742775861681931,0.6257224138318069
2024-02-28,42.448680495158584,44.16154092113487,0.3745591510140627,0.6254408489859373
2024-02-29,42.327700953518125,44.14612712955174,0.3671120360841478,0.6328879639158522
2024-03-01,42.317293356598086,44.141486214573845,0.3667066341411781,0.6332933658588219
2024-03-02,42.48912071616461,44.28148747355659,0.3689458744117208,0.6310541255882792
2024-03-03,42.44757158164011,44.25158578434919,0.3681258554982001,0.6318741445017999
2024-03-04,42.555860776175614,44.16428178058555,0.38197315524648034,0.6180268447535197
2024-03-05,42.60180476643026,44.12724120312708,0.38789527891227255,0.6121047210877275
2024-03-06,42.602956069329586,44.088591834146754,0.3907449938617567,0.6092550061382433
2024-03-07,42.74149709395128,44.1781814947249,0.39425794311445395,0.605742056885546
2024-03-08,42.75011182636143,44.13891803551357,0.3977022203493482,0.6022977796506518
2024-03-09,42.75866789560476,44.13416153858258,0.3986613353131418,0.6013386646868581
2024-03-10,42.80229547392678,44.0943005528084,0.4046900799917034,0.5953099200082965
2024-03-11,42.939495441165526,44.28571469403073,0.4007725795076795,0.5992274204923205
2024-03-12,42.900452071050374,44.19684876851221,0.4043723813587,0.5956276186413
2024-03-13,42.96102335274562,44.148380906874976,0.4122786313570095,0.5877213686429905
2024-03-14,43.01456749483047,44.02416657811689,0.42524286387815463,0.5747571361218453
2024-03-15,42.99078766686856,43.91148239334526,0.4317581961172357,0.5682418038827644
2024-03-16,43.00429403043041,43.9494361217487,0.42996464780009025,0.5700353521999098
2024-03-17,43.00415367640146,43.91840299632631,0.4322312907669815,0.5677687092330185
2024-03-18,42.95921777898715,43.90037973625861,0.43025654757031073,0.5697434524296893
2024-03-19,42.960575464982014,43.90369620685604,0.4301128871388924,0.5698871128611076
2024-03-20,42.98358324441638,43.92312766766276,0.4303751870931288,0.5696248129068713
2024-03-21,42.984139216246675,43.891864914412295,0.432710225399522,0.567289774600478
2024-03-22,43.202818452998876,44.09265274911271,0.43402423612027374,0.5659757638797263
2024-03-23,43.298639286684335,44.20080549265249,0.433118456087513,0.566881543912487
2024-03-24,43.32288574599697,44.15929292862204,0.43795240608430175,0.5620475939156983
2024-03-25,43.27638462166463,44.09078957747288,0.43957189769216337,0.5604281023078366
2024-03-26,43.409446091946876,44.19457608614883,0.4417282691367383,0.5582717308632617
2024-03-27,43.455062787796535,44.23755113629833,0.4419229367142178,0.5580770632857822
2024-03-28,43.48360376042574,44.32826570261934,0.4373450743549542,0.5626549256450458
2024-03-29,43.63582173020155,44.444090267045766,0.44002375535800736,0.5599762446419927
2024-03-30,43.674518738956984,44.457176694204925,0.4419104376690572,0.5580895623309428
2024-03-31,43.68525560835371,44.40910782595884,0.44624746460123677,0.5537525353987632
2024-04-01,43.39826378694579,44.073193175750916,0.4498605391390704,0.5501394608609296
2024-04-02,43.35180471581962,44.037534984106514,0.44906249858053515,0.5509375014194648
2024-04-03,43.33260292208654,43.98090546250031,0.45182876682567247,0.5481712331743276
2024-04-04,43.41015238899814,44.08141345018179,0.45013162579576793,0.5498683742042321
2024-04-05,43.40920609746336,44.02119002542149,0.4545152998452442,0.5454847001547558
2024-04-06,43.37478597828603,43.9124447852547,0.460019580022479,0.539980419977521
2024-04-07,43.36210625048635,43.91540694594037,0.4588605192484667,0.5411394807515333
2024-04-08,43.344156478525846,43.799051859744075,0.46615775617213484,0.5338422438278652
2024-04-09,43.27129258509673,43.66937187465396,0.47037629434620865,0.5296237056537914
2024-04-10,43.2368908542119,43.634346409782765,0.4704226253011182,0.5295773746988818
2024-04-11,43.362886375676055,43.82515159726811,0.4656108212072457,0.5343891787927544
2024-04-12,43.435823139447,43.82138470849457,0.4713061864063215,0.5286938135936785
2024-04-13,43.454250668083496,43.79455608205547,0.4746693561835986,0.5253306438164014
2024-04-14,43.43899625615315,43.80145519387436,0.4730227968329031,0.526977203167097
2024-04-15,43.68138603319448,44.06956015896317,0.4711120967891422,0.5288879032108578
2024-04-16,43.59919034033745,44.06604835436423,0.4652700109558019,0.5347299890441981
2024-04-17,43.56738184157953,44.18630976767077,0.4540014789011807,0.5459985210988193
2024-04-18,43.58606567713306,44.22001755479393,0.4528900465977685,0.5471099534022315
2024-04-19,43.71765438967335,44.211068131162236,0.46329993833812855,0.5367000616618715
2024-04-20,43.7267470762977,44.17206677043752,0.46686848807121895,0.533131511928781
2024-04-21,43.753616946097914,44.173646657808305,0.4687460770975591,0.5312539229024409
2024-04-22,43.52385742914101,43.9340088136201,0.46947965898669897,0.530520341013301
2024-04-23,43.414951483429576,43.82008848948045,0.46985207531869616,0.5301479246813039
2024-04-24,43.38884169837638,43.88696179356892,0.4629508835876697,0.5370491164123303
2024-04-25,43.37681805680062,43.859535437954804,0.4640933568159783,0.5359066431840217
2024-04-26,43.54072863830075,44.074717349465075,0.46029158296557204,0.539708417034428
2024-04-27,43.492074679236175,44.040779345960104,0.4592010482126137,0.5407989517873864
2024-04-28,43.47608073895511,44.00695081665866,0.4605227298192055,0.5394772701807945
2024-04-29,43.44335445071479,43.936077241408306,0.4633511862676394,0.5366488137323606
2024-04-30,43.46154464375257,43.90548789107334,0.4669706602003534,0.5330293397996466
2024-05-01,43.318904876306185,43.85060899594722,0.4604609109945426,0.5395390890054574
2024-05-02,43.230179058515525,43.8133462331742,0.4566483985362438,0.5433516014637563
2024-05-03,43.25692375364978,43.8257872494689,0.4577076658553742,0.5422923341446257
2024-05-04,43.09610860142911,43.661985453604814,0.45792888167235696,0.542071118327643
2024-05-05,43.061465041280506,43.672668726461076,0.45457303866027865,0.5454269613397214
2024-05-06,43.0583743483392,43.689128171301874,0.4531265996303041,0.5468734003696959
2024-05-07,43.11950211953488,43.669945105984134,0.4590722490926207,0.5409277509073793
2024-05-08,43.145859365949974,43.6341438535492,0.46368039037284686,0.5363196096271532
2024-05-09,42.87439476765238,43.357143165210914,0.4640910559199498,0.5359089440800502
2024-05-10,42.858281341692056,43.244698738457046,0.47124260530219464,0.5287573946978054
2024-05-11,42.86304646786392,43.23647102605302,0.4722079464934514,0.5277920535065486
2024-05-12,42.86777623458735,43.26283992561352,0.47060029668416004,0.52939970331584
2024-05-13,42.87511851485015,43.303773836758815,0.46810561085198643,0.5318943891480136
2024-05-14,42.733460637372474,43.12004603527407,0.47123012425731886,0.5287698757426811
2024-05-15,42.84628886343009,43.239275623310796,0.4707545790778157,0.5292454209221843
2024-05-16,42.8462888634301,43.239275623310796,0.47075457907781626,0.5292454209221837
2024-05-17,42.9056598189221,43.34772554017354,0.4671100303973119,0.5328899696026881
