Date,Biden Win Probability,Trump Win Probability,Tie Probability
2021-04-22,0.912,0.08639999999999996,0.0016
2021-04-23,0.9159,0.08289999999999995,0.0012
2021-04-24,0.9112,0.08789999999999999,0.0009
2021-04-25,0.9109,0.08749999999999995,0.0016
2021-04-26,0.9151,0.08409999999999998,0.0008
2021-04-27,0.9153,0.0836,0.0011
2021-04-28,0.9118,0.08729999999999995,0.0009
2021-04-29,0.9183,0.0809,0.0008
2021-04-30,0.9133,0.0857,0.001
2021-05-01,0.9151,0.08349999999999998,0.0014
2021-05-02,0.9125,0.08620000000000003,0.0013
2021-05-03,0.9133,0.0856,0.0011
2021-05-04,0.9102,0.0885,0.0013
2021-05-05,0.9164,0.0826,0.001
2021-05-06,0.9095,0.08900000000000002,0.0015
2021-05-07,0.9125,0.08610000000000002,0.0014
2021-05-08,0.9152,0.08339999999999999,0.0014
2021-05-09,0.9152,0.08359999999999998,0.0012
2021-05-10,0.912,0.08659999999999997,0.0014
2021-05-11,0.9186,0.08000000000000003,0.0014
2021-05-12,0.9097,0.08940000000000005,0.0009
2021-05-13,0.9127,0.08610000000000004,0.0012
2021-05-14,0.9016,0.09660000000000005,0.0018
2021-05-15,0.8995,0.09890000000000003,0.0016
2021-05-16,0.9052,0.0928,0.002
2021-05-17,0.9041,0.09489999999999998,0.001
2021-05-18,0.9015,0.09670000000000004,0.0018
2021-05-19,0.9071,0.09229999999999998,0.0006
2021-05-20,0.906,0.09289999999999997,0.0011
2021-05-21,0.9057,0.09290000000000005,0.0014
2021-05-22,0.9033,0.09530000000000001,0.0014
2021-05-23,0.9038,0.09439999999999996,0.0018
2021-05-24,0.9035,0.09480000000000004,0.0017
2021-05-25,0.8998,0.09859999999999995,0.0016
2021-05-26,0.9057,0.09260000000000006,0.0017
2021-05-27,0.8904,0.10820000000000003,0.0014
2021-05-28,0.8811,0.11660000000000001,0.0023
2021-05-29,0.8784,0.11980000000000005,0.0018
2021-05-30,0.879,0.11979999999999999,0.0012
2021-05-31,0.8894,0.10920000000000003,0.0014
2021-06-01,0.8863,0.11210000000000002,0.0016
2021-06-02,0.8895,0.10930000000000004,0.0012
2021-06-03,0.888,0.11069999999999999,0.0013
2021-06-04,0.8798,0.11929999999999998,0.0009
2021-06-05,0.8829,0.11519999999999998,0.0019
2021-06-06,0.8701,0.127,0.0029
2021-06-07,0.8729,0.12499999999999999,0.0021
2021-06-08,0.8652,0.13290000000000002,0.0019
2021-06-09,0.8606,0.13739999999999997,0.002
2021-06-10,0.8665,0.13109999999999994,0.0024
2021-06-11,0.8687,0.12879999999999997,0.0025
2021-06-12,0.8694,0.12820000000000004,0.0024
2021-06-13,0.8716,0.12639999999999996,0.002
2021-06-14,0.8618,0.1362,0.002
2021-06-15,0.8662,0.13210000000000002,0.0017
2021-06-16,0.8661,0.1315,0.0024
2021-06-17,0.8672,0.13050000000000003,0.0023
2021-06-18,0.8711,0.127,0.0019
2021-06-19,0.8665,0.13189999999999996,0.0016
2021-06-20,0.8675,0.12929999999999994,0.0032
2021-06-21,0.8693,0.12860000000000005,0.0021
2021-06-22,0.87,0.1276,0.0024
2021-06-23,0.8642,0.13380000000000003,0.002
2021-06-24,0.861,0.13670000000000002,0.0023
2021-06-25,0.8971,0.1012,0.0017
2021-06-26,0.8988,0.09889999999999996,0.0023
2021-06-27,0.893,0.10489999999999998,0.0021
2021-06-28,0.8953,0.10320000000000001,0.0015
2021-06-29,0.8959,0.10259999999999997,0.0015
2021-06-30,0.8927,0.10559999999999996,0.0017
2021-07-01,0.8917,0.10619999999999995,0.0021
2021-07-02,0.8927,0.10639999999999995,0.0009
2021-07-03,0.8956,0.10150000000000005,0.0029
2021-07-04,0.895,0.10349999999999998,0.0015
2021-07-05,0.8938,0.10519999999999996,0.001
2021-07-06,0.8997,0.09919999999999994,0.0011
2021-07-07,0.8949,0.10359999999999997,0.0015
2021-07-08,0.895,0.10329999999999999,0.0017
2021-07-09,0.7436,0.25149999999999995,0.0049
2021-07-10,0.738,0.25830000000000003,0.0037
2021-07-11,0.7398,0.2552,0.005
2021-07-12,0.7413,0.25370000000000004,0.005
2021-07-13,0.7509,0.24589999999999998,0.0032
2021-07-14,0.743,0.2527,0.0043
2021-07-15,0.746,0.2493,0.0047
2021-07-16,0.736,0.2597,0.0043
2021-07-17,0.7444,0.25200000000000006,0.0036
2021-07-18,0.7429,0.2527,0.0044
2021-07-19,0.7377,0.25849999999999995,0.0038
2021-07-20,0.7436,0.2527,0.0037
2021-07-21,0.7402,0.2549,0.0049
2021-07-22,0.7486,0.24659999999999996,0.0048
2021-07-23,0.7359,0.2591,0.005
2021-07-24,0.7448,0.2505,0.0047
2021-07-25,0.7378,0.2576,0.0046
2021-07-26,0.7333,0.26150000000000007,0.0052
2021-07-27,0.7424,0.25290000000000007,0.0047
2021-07-28,0.7342,0.25980000000000003,0.006
2021-07-29,0.7334,0.26149999999999995,0.0051
2021-07-30,0.7357,0.25989999999999996,0.0044
2021-07-31,0.7505,0.24610000000000007,0.0034
2021-08-01,0.7386,0.2572,0.0042
2021-08-02,0.7432,0.2534,0.0034
2021-08-03,0.8481,0.14950000000000002,0.0024
2021-08-04,0.8484,0.14869999999999994,0.0029
2021-08-05,0.8472,0.15040000000000003,0.0024
2021-08-06,0.8488,0.149,0.0022
2021-08-07,0.8527,0.14539999999999997,0.0019
2021-08-08,0.8407,0.15789999999999998,0.0014
2021-08-09,0.8484,0.14979999999999996,0.0018
2021-08-10,0.862,0.1351,0.0029
2021-08-11,0.8648,0.1331,0.0021
2021-08-12,0.8641,0.134,0.0019
2021-08-13,0.8617,0.13609999999999997,0.0022
2021-08-14,0.8603,0.13780000000000003,0.0019
2021-08-15,0.8657,0.13219999999999998,0.0021
2021-08-16,0.8619,0.1364,0.0017
2021-08-17,0.8497,0.1478,0.0025
2021-08-18,0.4435,0.5506,0.0059
2021-08-19,0.4449,0.5491999999999999,0.0059
2021-08-20,0.4343,0.5597,0.006
2021-08-21,0.4342,0.5603000000000001,0.0055
2021-08-22,0.4339,0.5604,0.0057
2021-08-23,0.4316,0.5624,0.006
2021-08-24,0.4337,0.5609000000000001,0.0054
2021-08-25,0.428,0.5667000000000001,0.0053
2021-08-26,0.4257,0.5673,0.007
2021-08-27,0.4258,0.5685,0.0057
2021-08-28,0.424,0.5713,0.0047
2021-08-29,0.4255,0.5699,0.0046
2021-08-30,0.4172,0.5776,0.0052
2021-08-31,0.4173,0.5777,0.005
2021-09-01,0.4172,0.5783,0.0045
2021-09-02,0.3698,0.6247,0.0055
2021-09-03,0.3748,0.62,0.0052
2021-09-04,0.3693,0.626,0.0047
2021-09-05,0.3765,0.6184,0.0051
2021-09-06,0.4754,0.5184,0.0062
2021-09-07,0.4699,0.5243,0.0058
2021-09-08,0.4747,0.5203,0.005
2021-09-09,0.4747,0.5208,0.0045
2021-09-10,0.4613,0.5337,0.005
2021-09-11,0.4542,0.5406000000000001,0.0052
2021-09-12,0.4709,0.5231,0.006
2021-09-13,0.4685,0.5271,0.0044
2021-09-14,0.461,0.5338999999999999,0.0051
2021-09-15,0.3687,0.6269,0.0044
2021-09-16,0.3657,0.6293,0.005
2021-09-17,0.3685,0.6267999999999999,0.0047
2021-09-18,0.4166,0.5781999999999999,0.0052
2021-09-19,0.3995,0.5959,0.0046
2021-09-20,0.4006,0.5942,0.0052
2021-09-21,0.4821,0.5119,0.006
2021-09-22,0.4936,0.5014,0.005
2021-09-23,0.303,0.6925000000000001,0.0045
2021-09-24,0.4669,0.5277000000000001,0.0054
2021-09-25,0.4649,0.5286000000000001,0.0065
2021-09-26,0.4558,0.5373,0.0069
2021-09-27,0.4578,0.5365,0.0057
2021-09-28,0.4601,0.5338,0.0061
2021-09-29,0.4536,0.5414,0.005
2021-09-30,0.4574,0.5367999999999999,0.0058
2021-10-01,0.4434,0.5512,0.0054
2021-10-02,0.4571,0.5381999999999999,0.0047
2021-10-03,0.4407,0.5544,0.0049
2021-10-04,0.4459,0.5488000000000001,0.0053
2021-10-05,0.4372,0.5579999999999999,0.0048
2021-10-06,0.4648,0.5303,0.0049
2021-10-07,0.4566,0.5376,0.0058
2021-10-08,0.449,0.5461999999999999,0.0048
2021-10-09,0.4459,0.5498000000000001,0.0043
2021-10-10,0.439,0.5543999999999999,0.0066
2021-10-11,0.452,0.5429,0.0051
2021-10-12,0.4451,0.5497,0.0052
2021-10-13,0.4519,0.5426000000000001,0.0055
2021-10-14,0.4466,0.5482,0.0052
2021-10-15,0.4472,0.5470999999999999,0.0057
2021-10-16,0.4408,0.5549,0.0043
2021-10-17,0.4443,0.5509000000000001,0.0048
2021-10-18,0.4223,0.5735,0.0042
2021-10-19,0.4286,0.5666,0.0048
2021-10-20,0.4985,0.49490000000000006,0.0066
2021-10-21,0.4989,0.4948,0.0063
2021-10-22,0.5218,0.47119999999999995,0.007
2021-10-23,0.5147,0.47939999999999994,0.0059
2021-10-24,0.5268,0.46779999999999994,0.0054
2021-10-25,0.5216,0.47270000000000006,0.0057
2021-10-26,0.5191,0.474,0.0069
2021-10-27,0.5117,0.48279999999999995,0.0055
2021-10-28,0.525,0.46969999999999995,0.0053
2021-10-29,0.451,0.5438,0.0052
2021-10-30,0.4449,0.5497,0.0054
2021-10-31,0.4589,0.5361,0.005
2021-11-01,0.4145,0.5794,0.0061
2021-11-02,0.4141,0.5815,0.0044
2021-11-03,0.4128,0.5831,0.0041
2021-11-04,0.41,0.5837000000000001,0.0063
2021-11-05,0.3843,0.6106,0.0051
2021-11-06,0.3446,0.6506,0.0048
2021-11-07,0.3372,0.6582,0.0046
2021-11-08,0.3448,0.6497,0.0055
2021-11-09,0.3923,0.6016,0.0061
2021-11-10,0.3925,0.6007999999999999,0.0067
2021-11-11,0.469,0.5242,0.0068
2021-11-12,0.474,0.5193,0.0067
2021-11-13,0.4741,0.5209,0.005
2021-11-14,0.4708,0.5216,0.0076
2021-11-15,0.4694,0.5251,0.0055
2021-11-16,0.2944,0.7002,0.0054
2021-11-17,0.268,0.7282,0.0038
2021-11-18,0.2678,0.7269,0.0053
2021-11-19,0.2752,0.7203,0.0045
2021-11-20,0.2723,0.7219,0.0058
2021-11-21,0.2655,0.7282,0.0063
2021-11-22,0.2756,0.7192,0.0052
2021-11-23,0.2806,0.7145,0.0049
2021-11-24,0.2248,0.7716,0.0036
2021-11-25,0.2281,0.7675000000000001,0.0044
2021-11-26,0.2281,0.7672,0.0047
2021-11-27,0.2245,0.7711,0.0044
2021-11-28,0.2232,0.7726,0.0042
2021-11-29,0.2238,0.7728,0.0034
2021-11-30,0.216,0.7792,0.0048
2021-12-01,0.2238,0.7712,0.005
2021-12-02,0.2284,0.7671000000000001,0.0045
2021-12-03,0.2068,0.7895,0.0037
2021-12-04,0.219,0.7773,0.0037
2021-12-05,0.2161,0.7807000000000001,0.0032
2021-12-06,0.2331,0.7621,0.0048
2021-12-07,0.2321,0.7637,0.0042
2021-12-08,0.2373,0.7580999999999999,0.0046
2021-12-09,0.2364,0.7586,0.005
2021-12-10,0.2279,0.7673,0.0048
2021-12-11,0.2283,0.7679,0.0038
2021-12-12,0.2242,0.7714000000000001,0.0044
2021-12-13,0.2272,0.7680999999999999,0.0047
2021-12-14,0.3154,0.6784,0.0062
2021-12-15,0.3128,0.6817000000000001,0.0055
2021-12-16,0.3164,0.6773,0.0063
2021-12-17,0.3172,0.6778000000000001,0.005
2021-12-18,0.3131,0.6817000000000001,0.0052
2021-12-19,0.2652,0.7313000000000001,0.0035
2021-12-20,0.239,0.7574,0.0036
2021-12-21,0.2274,0.7678999999999999,0.0047
2021-12-22,0.225,0.7701,0.0049
2021-12-23,0.2266,0.7703,0.0031
2021-12-24,0.2324,0.7627,0.0049
2021-12-25,0.2276,0.7681,0.0043
2021-12-26,0.2373,0.7596999999999999,0.003
2021-12-27,0.2235,0.7725,0.004
2021-12-28,0.2371,0.759,0.0039
2021-12-29,0.2323,0.763,0.0047
2021-12-30,0.2338,0.762,0.0042
2021-12-31,0.2297,0.7659,0.0044
2022-01-01,0.2271,0.7684000000000001,0.0045
2022-01-02,0.2361,0.7601,0.0038
2022-01-03,0.2313,0.7645,0.0042
2022-01-04,0.2278,0.7675,0.0047
2022-01-05,0.227,0.7686000000000001,0.0044
2022-01-06,0.1878,0.808,0.0042
2022-01-07,0.2284,0.7683000000000001,0.0033
2022-01-08,0.2319,0.7631,0.005
2022-01-09,0.2203,0.7752000000000001,0.0045
2022-01-10,0.2708,0.7251000000000001,0.0041
2022-01-11,0.2723,0.7245,0.0032
2022-01-12,0.2714,0.7227,0.0059
2022-01-13,0.2734,0.7228,0.0038
2022-01-14,0.2761,0.7192999999999999,0.0046
2022-01-15,0.2677,0.7276999999999999,0.0046
2022-01-16,0.2678,0.7269,0.0053
2022-01-17,0.2731,0.7228,0.0041
2022-01-18,0.2705,0.7247,0.0048
2022-01-19,0.2205,0.7748999999999999,0.0046
2022-01-20,0.2271,0.7683,0.0046
2022-01-21,0.1758,0.8204,0.0038
2022-01-22,0.2932,0.7029,0.0039
2022-01-23,0.2936,0.7013999999999999,0.005
2022-01-24,0.3493,0.6455000000000001,0.0052
2022-01-25,0.3704,0.6241,0.0055
2022-01-26,0.3687,0.6259,0.0054
2022-01-27,0.3596,0.6362000000000001,0.0042
2022-01-28,0.3703,0.6249999999999999,0.0047
2022-01-29,0.3844,0.6088999999999999,0.0067
2022-01-30,0.3842,0.6107,0.0051
2022-01-31,0.383,0.612,0.005
2022-02-01,0.388,0.608,0.004
2022-02-02,0.3872,0.6069,0.0059
2022-02-03,0.3904,0.6039999999999999,0.0056
2022-02-04,0.3772,0.6173000000000001,0.0055
2022-02-05,0.38,0.6139,0.0061
2022-02-06,0.3664,0.6277999999999999,0.0058
2022-02-07,0.3631,0.6321,0.0048
2022-02-08,0.3615,0.6329,0.0056
2022-02-09,0.3652,0.631,0.0038
2022-02-10,0.388,0.6058,0.0062
2022-02-11,0.3897,0.6047,0.0056
2022-02-12,0.3815,0.6127,0.0058
2022-02-13,0.3884,0.6056999999999999,0.0059
2022-02-14,0.3795,0.6147,0.0058
2022-02-15,0.3977,0.5962000000000001,0.0061
2022-02-16,0.4265,0.5674,0.0061
2022-02-17,0.429,0.565,0.006
2022-02-18,0.4315,0.5630000000000001,0.0055
2022-02-19,0.4279,0.5666000000000001,0.0055
2022-02-20,0.4286,0.5663,0.0051
2022-02-21,0.351,0.6445000000000001,0.0045
2022-02-22,0.3439,0.6503,0.0058
2022-02-23,0.3131,0.6813,0.0056
2022-02-24,0.3777,0.6169000000000001,0.0054
2022-02-25,0.3074,0.6878,0.0048
2022-02-26,0.3043,0.6889,0.0068
2022-02-27,0.2975,0.6979,0.0046
2022-02-28,0.3119,0.6821999999999999,0.0059
2022-03-01,0.3182,0.6774,0.0044
2022-03-02,0.3261,0.6685,0.0054
2022-03-03,0.3064,0.6882,0.0054
2022-03-04,0.3097,0.6849000000000001,0.0054
2022-03-05,0.3145,0.6799,0.0056
2022-03-06,0.3106,0.6837,0.0057
2022-03-07,0.3073,0.6878,0.0049
2022-03-08,0.2981,0.6955,0.0064
2022-03-09,0.2842,0.7097,0.0061
2022-03-10,0.295,0.6999000000000001,0.0051
2022-03-11,0.2845,0.7121000000000001,0.0034
2022-03-12,0.2876,0.7077999999999999,0.0046
2022-03-13,0.2876,0.7091,0.0033
2022-03-14,0.2934,0.7011000000000001,0.0055
2022-03-15,0.3347,0.6601,0.0052
2022-03-16,0.3398,0.6561,0.0041
2022-03-17,0.3357,0.6593,0.005
2022-03-18,0.3264,0.6679999999999999,0.0056
2022-03-19,0.3322,0.6627,0.0051
2022-03-20,0.3338,0.662,0.0042
2022-03-21,0.3234,0.6718,0.0048
2022-03-22,0.3502,0.6441999999999999,0.0056
2022-03-23,0.3323,0.6614,0.0063
2022-03-24,0.3213,0.6718000000000001,0.0069
2022-03-25,0.2897,0.7053999999999999,0.0049
2022-03-26,0.2909,0.7040000000000001,0.0051
2022-03-27,0.2933,0.7019,0.0048
2022-03-28,0.2844,0.7107,0.0049
2022-03-29,0.2869,0.7080000000000001,0.0051
2022-03-30,0.2893,0.706,0.0047
2022-03-31,0.2904,0.7055,0.0041
2022-04-01,0.2927,0.7018000000000001,0.0055
2022-04-02,0.2739,0.7199,0.0062
2022-04-03,0.2964,0.6991,0.0045
2022-04-04,0.2736,0.7214999999999999,0.0049
2022-04-05,0.2979,0.6966,0.0055
2022-04-06,0.301,0.6944,0.0046
2022-04-07,0.306,0.6887,0.0053
2022-04-08,0.2985,0.6965,0.005
2022-04-09,0.3033,0.6919,0.0048
2022-04-10,0.3006,0.6942,0.0052
2022-04-11,0.2985,0.6969,0.0046
2022-04-12,0.3056,0.6897,0.0047
2022-04-13,0.3023,0.693,0.0047
2022-04-14,0.2944,0.7013,0.0043
2022-04-15,0.3032,0.6925,0.0043
2022-04-16,0.2934,0.7012,0.0054
2022-04-17,0.3074,0.6881,0.0045
2022-04-18,0.3006,0.6943,0.0051
2022-04-19,0.2834,0.7123,0.0043
2022-04-20,0.2859,0.7094999999999999,0.0046
2022-04-21,0.301,0.6941,0.0049
2022-04-22,0.281,0.7145,0.0045
2022-04-23,0.3067,0.6874,0.0059
2022-04-24,0.2858,0.71,0.0042
2022-04-25,0.2843,0.7112,0.0045
2022-04-26,0.3005,0.6933,0.0062
2022-04-27,0.2634,0.7312,0.0054
2022-04-28,0.2719,0.7243999999999999,0.0037
2022-04-29,0.2823,0.7123,0.0054
2022-04-30,0.283,0.7118000000000001,0.0052
2022-05-01,0.2741,0.7219,0.004
2022-05-02,0.292,0.7021999999999999,0.0058
2022-05-03,0.232,0.7638,0.0042
2022-05-04,0.2307,0.7649,0.0044
2022-05-05,0.2244,0.7711000000000001,0.0045
2022-05-06,0.2365,0.7594000000000001,0.0041
2022-05-07,0.2357,0.76,0.0043
2022-05-08,0.2305,0.766,0.0035
2022-05-09,0.233,0.7616,0.0054
2022-05-10,0.2377,0.7558,0.0065
2022-05-11,0.2318,0.7641,0.0041
2022-05-12,0.2383,0.7565000000000001,0.0052
2022-05-13,0.235,0.7603,0.0047
2022-05-14,0.2327,0.7631,0.0042
2022-05-15,0.2379,0.7584,0.0037
2022-05-16,0.249,0.7467,0.0043
2022-05-17,0.2539,0.7409,0.0052
2022-05-18,0.2637,0.7329,0.0034
2022-05-19,0.2727,0.7219000000000001,0.0054
2022-05-20,0.2459,0.7503,0.0038
2022-05-21,0.2497,0.7463,0.004
2022-05-22,0.2441,0.7512,0.0047
2022-05-23,0.2946,0.7007,0.0047
2022-05-24,0.2988,0.6963,0.0049
2022-05-25,0.3009,0.6942,0.0049
2022-05-26,0.2872,0.7077,0.0051
2022-05-27,0.289,0.7056000000000001,0.0054
2022-05-28,0.2802,0.716,0.0038
2022-05-29,0.2949,0.6999000000000001,0.0052
2022-05-30,0.2857,0.7102999999999999,0.004
2022-05-31,0.2674,0.7291,0.0035
2022-06-01,0.2793,0.7169,0.0038
2022-06-02,0.2699,0.7258,0.0043
2022-06-03,0.2704,0.7247,0.0049
2022-06-04,0.2728,0.7228000000000001,0.0044
2022-06-05,0.2584,0.7372000000000001,0.0044
2022-06-06,0.2619,0.7339,0.0042
2022-06-07,0.2658,0.7303,0.0039
2022-06-08,0.2636,0.732,0.0044
2022-06-09,0.2575,0.7378999999999999,0.0046
2022-06-10,0.2763,0.7195,0.0042
2022-06-11,0.2725,0.7232000000000001,0.0043
2022-06-12,0.2736,0.7229,0.0035
2022-06-13,0.2695,0.7253999999999999,0.0051
2022-06-14,0.2657,0.7298,0.0045
2022-06-15,0.2562,0.7393000000000001,0.0045
2022-06-16,0.2961,0.6992999999999999,0.0046
2022-06-17,0.2734,0.7216,0.005
2022-06-18,0.2884,0.7062,0.0054
2022-06-19,0.284,0.7116,0.0044
2022-06-20,0.2897,0.7061999999999999,0.0041
2022-06-21,0.322,0.6731999999999999,0.0048
2022-06-22,0.3165,0.6781,0.0054
2022-06-23,0.2742,0.7207,0.0051
2022-06-24,0.272,0.7245,0.0035
2022-06-25,0.2808,0.7147000000000001,0.0045
2022-06-26,0.2725,0.7224,0.0051
2022-06-27,0.2812,0.7164,0.0024
2022-06-28,0.3214,0.6727,0.0059
2022-06-29,0.3148,0.6808000000000001,0.0044
2022-06-30,0.2708,0.7257000000000001,0.0035
2022-07-01,0.2695,0.7263,0.0042
2022-07-02,0.2648,0.7304,0.0048
2022-07-03,0.2693,0.7258,0.0049
2022-07-04,0.2684,0.7269,0.0047
2022-07-05,0.2607,0.7348000000000001,0.0045
2022-07-06,0.2583,0.7359,0.0058
2022-07-07,0.2702,0.7259,0.0039
2022-07-08,0.3049,0.6884,0.0067
2022-07-09,0.3039,0.6913999999999999,0.0047
2022-07-10,0.2866,0.7095,0.0039
2022-07-11,0.292,0.7037,0.0043
2022-07-12,0.2865,0.7084,0.0051
2022-07-13,0.2907,0.7043,0.005
2022-07-14,0.2891,0.7061,0.0048
2022-07-15,0.2605,0.7361000000000001,0.0034
2022-07-16,0.2549,0.7412,0.0039
2022-07-17,0.2256,0.7704,0.004
2022-07-18,0.229,0.7661,0.0049
2022-07-19,0.2603,0.7353000000000001,0.0044
2022-07-20,0.2577,0.7383,0.004
2022-07-21,0.2782,0.7164,0.0054
2022-07-22,0.2818,0.7125999999999999,0.0056
2022-07-23,0.284,0.7117,0.0043
2022-07-24,0.2883,0.7066,0.0051
2022-07-25,0.2854,0.7106,0.004
2022-07-26,0.316,0.6776,0.0064
2022-07-27,0.3202,0.6739999999999999,0.0058
2022-07-28,0.2879,0.7083999999999999,0.0037
2022-07-29,0.2829,0.7125,0.0046
2022-07-30,0.286,0.7087,0.0053
2022-07-31,0.2762,0.7195,0.0043
2022-08-01,0.2741,0.7219,0.004
2022-08-02,0.3024,0.692,0.0056
2022-08-03,0.2944,0.7001000000000001,0.0055
2022-08-04,0.2969,0.6989000000000001,0.0042
2022-08-05,0.2977,0.6978,0.0045
2022-08-06,0.2921,0.7031,0.0048
2022-08-07,0.2938,0.7002999999999999,0.0059
2022-08-08,0.2943,0.7016,0.0041
2022-08-09,0.2857,0.7091,0.0052
2022-08-10,0.2844,0.7103,0.0053
2022-08-11,0.2837,0.712,0.0043
2022-08-12,0.286,0.7091999999999999,0.0048
2022-08-13,0.2817,0.7141,0.0042
2022-08-14,0.2786,0.7161000000000001,0.0053
2022-08-15,0.2892,0.7066,0.0042
2022-08-16,0.2993,0.6960999999999999,0.0046
2022-08-17,0.2925,0.7028,0.0047
2022-08-18,0.2963,0.6973,0.0064
2022-08-19,0.2974,0.6982,0.0044
2022-08-20,0.2924,0.7025,0.0051
2022-08-21,0.2914,0.7041000000000001,0.0045
2022-08-22,0.2938,0.7025999999999999,0.0036
2022-08-23,0.4044,0.5914,0.0042
2022-08-24,0.3946,0.5986999999999999,0.0067
2022-08-25,0.3563,0.6377999999999999,0.0059
2022-08-26,0.388,0.6061,0.0059
2022-08-27,0.3913,0.6011,0.0076
2022-08-28,0.3919,0.602,0.0061
2022-08-29,0.3638,0.6308,0.0054
2022-08-30,0.3675,0.6277,0.0048
2022-08-31,0.3707,0.6249,0.0044
2022-09-01,0.3701,0.6245,0.0054
2022-09-02,0.3728,0.6211,0.0061
2022-09-03,0.3699,0.625,0.0051
2022-09-04,0.3753,0.6193000000000001,0.0054
2022-09-05,0.3721,0.6239,0.004
2022-09-06,0.3326,0.662,0.0054
2022-09-07,0.4324,0.5617,0.0059
2022-09-08,0.4279,0.5663,0.0058
2022-09-09,0.4134,0.5805,0.0061
2022-09-10,0.4168,0.5775999999999999,0.0056
2022-09-11,0.4241,0.5713,0.0046
2022-09-12,0.4159,0.5792,0.0049
2022-09-13,0.4163,0.5781,0.0056
2022-09-14,0.4121,0.5811999999999999,0.0067
2022-09-15,0.4449,0.5493999999999999,0.0057
2022-09-16,0.4467,0.5472,0.0061
2022-09-17,0.443,0.5497,0.0073
2022-09-18,0.4602,0.5318,0.008
2022-09-19,0.4803,0.5132000000000001,0.0065
2022-09-20,0.4978,0.49579999999999996,0.0064
2022-09-21,0.4898,0.5045,0.0057
2022-09-22,0.4713,0.5226,0.0061
2022-09-23,0.4569,0.5368,0.0063
2022-09-24,0.4591,0.5357,0.0052
2022-09-25,0.4564,0.5365000000000001,0.0071
2022-09-26,0.4505,0.5422,0.0073
2022-09-27,0.4572,0.5365,0.0063
2022-09-28,0.4588,0.5359,0.0053
2022-09-29,0.4487,0.5453,0.006
2022-09-30,0.4491,0.5457,0.0052
2022-10-01,0.439,0.5548,0.0062
2022-10-02,0.4647,0.5292,0.0061
2022-10-03,0.4716,0.5209,0.0075
2022-10-04,0.4903,0.5035000000000001,0.0062
2022-10-05,0.4869,0.5075,0.0056
2022-10-06,0.4818,0.5122,0.006
2022-10-07,0.4943,0.5003000000000001,0.0054
2022-10-08,0.4833,0.5117999999999999,0.0049
2022-10-09,0.4851,0.5093,0.0056
2022-10-10,0.4885,0.5044000000000001,0.0071
2022-10-11,0.4795,0.5155,0.005
2022-10-12,0.4992,0.49470000000000003,0.0061
2022-10-13,0.4811,0.5131999999999999,0.0057
2022-10-14,0.4306,0.5641,0.0053
2022-10-15,0.4205,0.5738,0.0057
2022-10-16,0.4294,0.5651,0.0055
2022-10-17,0.416,0.5784,0.0056
2022-10-18,0.4101,0.5844,0.0055
2022-10-19,0.4173,0.5778,0.0049
2022-10-20,0.4088,0.5859,0.0053
2022-10-21,0.4221,0.5734000000000001,0.0045
2022-10-22,0.4162,0.576,0.0078
2022-10-23,0.4216,0.5724,0.006
2022-10-24,0.3946,0.6004999999999999,0.0049
2022-10-25,0.3971,0.5985,0.0044
2022-10-26,0.4049,0.5898,0.0053
2022-10-27,0.397,0.5976,0.0054
2022-10-28,0.3935,0.6003000000000001,0.0062
2022-10-29,0.3832,0.6121,0.0047
2022-10-30,0.3782,0.6164000000000001,0.0054
2022-10-31,0.3974,0.5971000000000001,0.0055
2022-11-01,0.4105,0.5843,0.0052
2022-11-02,0.4151,0.5788,0.0061
2022-11-03,0.3905,0.603,0.0065
2022-11-04,0.3936,0.6000000000000001,0.0064
2022-11-05,0.3871,0.6084,0.0045
2022-11-06,0.3718,0.6231,0.0051
2022-11-07,0.3765,0.6176999999999999,0.0058
2022-11-08,0.3731,0.6219,0.005
2022-11-09,0.3669,0.6261,0.007
2022-11-10,0.3519,0.6429,0.0052
2022-11-11,0.3479,0.6476000000000001,0.0045
2022-11-12,0.3406,0.6545,0.0049
2022-11-13,0.3502,0.6445,0.0053
2022-11-14,0.3444,0.6503,0.0053
2022-11-15,0.3415,0.6537999999999999,0.0047
2022-11-16,0.3388,0.6568,0.0044
2022-11-17,0.3672,0.6265000000000001,0.0063
2022-11-18,0.3607,0.633,0.0063
2022-11-19,0.3627,0.6323,0.005
2022-11-20,0.3651,0.6282,0.0067
2022-11-21,0.392,0.6029,0.0051
2022-11-22,0.3824,0.6112,0.0064
2022-11-23,0.3953,0.5996,0.0051
2022-11-24,0.4021,0.5932999999999999,0.0046
2022-11-25,0.4054,0.5892000000000001,0.0054
2022-11-26,0.4021,0.5926,0.0053
2022-11-27,0.4083,0.5867,0.005
2022-11-28,0.4282,0.5644,0.0074
2022-11-29,0.4321,0.5618000000000001,0.0061
2022-11-30,0.431,0.564,0.005
2022-12-01,0.4299,0.5645,0.0056
2022-12-02,0.4263,0.5690999999999999,0.0046
2022-12-03,0.4408,0.5524999999999999,0.0067
2022-12-04,0.4804,0.5144000000000001,0.0052
2022-12-05,0.4928,0.5015,0.0057
2022-12-06,0.5003,0.49310000000000004,0.0066
2022-12-07,0.5187,0.47509999999999997,0.0062
2022-12-08,0.5315,0.4626,0.0059
2022-12-09,0.5315,0.462,0.0065
2022-12-10,0.5451,0.4493,0.0056
2022-12-11,0.54,0.45459999999999995,0.0054
2022-12-12,0.5534,0.4411,0.0055
2022-12-13,0.5459,0.4492999999999999,0.0048
2022-12-14,0.5469,0.44519999999999993,0.0079
2022-12-15,0.5438,0.45080000000000003,0.0054
2022-12-16,0.5247,0.47089999999999993,0.0044
2022-12-17,0.5279,0.46649999999999997,0.0056
2022-12-18,0.5267,0.46560000000000007,0.0077
2022-12-19,0.5263,0.4681,0.0056
2022-12-20,0.528,0.4643,0.0077
2022-12-21,0.5313,0.4632,0.0055
2022-12-22,0.5255,0.46730000000000005,0.0072
2022-12-23,0.5421,0.45089999999999997,0.007
2022-12-24,0.5466,0.44710000000000005,0.0063
2022-12-25,0.5487,0.44520000000000004,0.0061
2022-12-26,0.5245,0.46920000000000006,0.0063
2022-12-27,0.5343,0.4596,0.0061
2022-12-28,0.5272,0.4662,0.0066
2022-12-29,0.5256,0.46780000000000005,0.0066
2022-12-30,0.525,0.4687,0.0063
2022-12-31,0.5307,0.46230000000000004,0.007
2023-01-01,0.5432,0.4498,0.007
2023-01-02,0.5487,0.44480000000000003,0.0065
2023-01-03,0.5449,0.44969999999999993,0.0054
2023-01-04,0.5443,0.4485,0.0072
2023-01-05,0.5543,0.43929999999999997,0.0064
2023-01-06,0.541,0.45369999999999994,0.0053
2023-01-07,0.5435,0.4499,0.0066
2023-01-08,0.5463,0.4469,0.0068
2023-01-09,0.5528,0.44000000000000006,0.0072
2023-01-10,0.5461,0.44809999999999994,0.0058
2023-01-11,0.5538,0.43990000000000007,0.0063
2023-01-12,0.5566,0.4379,0.0055
2023-01-13,0.5662,0.4276,0.0062
2023-01-14,0.5579,0.43590000000000007,0.0062
2023-01-15,0.5567,0.4353,0.008
2023-01-16,0.5691,0.42479999999999996,0.0061
2023-01-17,0.555,0.4391999999999999,0.0058
2023-01-18,0.5514,0.4427,0.0059
2023-01-19,0.5618,0.43220000000000003,0.006
2023-01-20,0.5367,0.45760000000000006,0.0057
2023-01-21,0.5189,0.47529999999999994,0.0058
2023-01-22,0.5302,0.4648,0.005
2023-01-23,0.5279,0.46619999999999995,0.0059
2023-01-24,0.5237,0.4714999999999999,0.0048
2023-01-25,0.5048,0.4884,0.0068
2023-01-26,0.5012,0.4927,0.0061
2023-01-27,0.503,0.4918,0.0052
2023-01-28,0.5049,0.4886,0.0065
2023-01-29,0.5069,0.4871,0.006
2023-01-30,0.5048,0.48989999999999995,0.0053
2023-01-31,0.5051,0.4898,0.0051
2023-02-01,0.5058,0.48889999999999995,0.0053
2023-02-02,0.4921,0.5011,0.0068
2023-02-03,0.4972,0.49710000000000004,0.0057
2023-02-04,0.4885,0.5061000000000001,0.0054
2023-02-05,0.4864,0.5075000000000001,0.0061
2023-02-06,0.4837,0.51,0.0063
2023-02-07,0.4831,0.5111,0.0058
2023-02-08,0.4719,0.5225,0.0056
2023-02-09,0.4833,0.5115999999999999,0.0051
2023-02-10,0.4917,0.5032,0.0051
2023-02-11,0.4946,0.49960000000000004,0.0058
2023-02-12,0.516,0.47819999999999996,0.0058
2023-02-13,0.5087,0.48579999999999995,0.0055
2023-02-14,0.4888,0.5061,0.0051
2023-02-15,0.4932,0.5006999999999999,0.0061
2023-02-16,0.4891,0.5044000000000001,0.0065
2023-02-17,0.4664,0.5276000000000001,0.006
2023-02-18,0.4666,0.5265,0.0069
2023-02-19,0.4782,0.5149,0.0069
2023-02-20,0.4606,0.5335,0.0059
2023-02-21,0.4641,0.5308,0.0051
2023-02-22,0.4651,0.5296,0.0053
2023-02-23,0.4558,0.5377000000000001,0.0065
2023-02-24,0.4654,0.5307,0.0039
2023-02-25,0.4398,0.555,0.0052
2023-02-26,0.496,0.4985,0.0055
2023-02-27,0.4933,0.5013,0.0054
2023-02-28,0.4957,0.49849999999999994,0.0058
2023-03-01,0.4897,0.5035,0.0068
2023-03-02,0.5035,0.4907,0.0058
2023-03-03,0.4968,0.4965,0.0067
2023-03-04,0.4908,0.5022,0.007
2023-03-05,0.4835,0.5097999999999999,0.0067
2023-03-06,0.4778,0.5162,0.006
2023-03-07,0.4684,0.5241000000000001,0.0075
2023-03-08,0.4586,0.5357999999999999,0.0056
2023-03-09,0.4618,0.5308,0.0074
2023-03-10,0.4703,0.5248,0.0049
2023-03-11,0.4704,0.5223000000000001,0.0073
2023-03-12,0.4569,0.5376000000000001,0.0055
2023-03-13,0.4628,0.531,0.0062
2023-03-14,0.4321,0.5595000000000001,0.0084
2023-03-15,0.4744,0.5204000000000001,0.0052
2023-03-16,0.4807,0.5145,0.0048
2023-03-17,0.4797,0.5149,0.0054
2023-03-18,0.4701,0.5251,0.0048
2023-03-19,0.4621,0.5324000000000001,0.0055
2023-03-20,0.4785,0.5164000000000001,0.0051
2023-03-21,0.4663,0.5289,0.0048
2023-03-22,0.4584,0.5359,0.0057
2023-03-23,0.4546,0.5403,0.0051
2023-03-24,0.4344,0.5599999999999999,0.0056
2023-03-25,0.4349,0.5583999999999999,0.0067
2023-03-26,0.4281,0.5657000000000001,0.0062
2023-03-27,0.4454,0.5494,0.0052
2023-03-28,0.4525,0.5416,0.0059
2023-03-29,0.4477,0.5467,0.0056
2023-03-30,0.4515,0.5422,0.0063
2023-03-31,0.4547,0.5399,0.0054
2023-04-01,0.4519,0.5402,0.0079
2023-04-02,0.4483,0.5454000000000001,0.0063
2023-04-03,0.435,0.5593999999999999,0.0056
2023-04-04,0.426,0.5692,0.0048
2023-04-05,0.42,0.5741,0.0059
2023-04-06,0.4227,0.5730999999999999,0.0042
2023-04-07,0.4319,0.5630000000000001,0.0051
2023-04-08,0.4441,0.5503,0.0056
2023-04-09,0.4283,0.5669,0.0048
2023-04-10,0.444,0.5507000000000001,0.0053
2023-04-11,0.4427,0.5525,0.0048
2023-04-12,0.4393,0.5558,0.0049
2023-04-13,0.4483,0.5465000000000001,0.0052
2023-04-14,0.4523,0.5434000000000001,0.0043
2023-04-15,0.4513,0.5424,0.0063
2023-04-16,0.4512,0.5428999999999999,0.0059
2023-04-17,0.4502,0.5436000000000001,0.0062
2023-04-18,0.4491,0.5455,0.0054
2023-04-19,0.4517,0.5423,0.006
2023-04-20,0.4535,0.54,0.0065
2023-04-21,0.4805,0.5128,0.0067
2023-04-22,0.4769,0.5178,0.0053
2023-04-23,0.4769,0.518,0.0051
2023-04-24,0.4667,0.5287,0.0046
2023-04-25,0.4602,0.5354000000000001,0.0044
2023-04-26,0.4719,0.5217,0.0064
2023-04-27,0.4793,0.5150999999999999,0.0056
2023-04-28,0.4809,0.5141,0.005
2023-04-29,0.4799,0.5145,0.0056
2023-04-30,0.4728,0.5212,0.006
2023-05-01,0.4738,0.5208,0.0054
2023-05-02,0.4705,0.5237,0.0058
2023-05-03,0.466,0.5277000000000001,0.0063
2023-05-04,0.4708,0.5225,0.0067
2023-05-05,0.4701,0.5235000000000001,0.0064
2023-05-06,0.459,0.5342999999999999,0.0067
2023-05-07,0.4566,0.5375,0.0059
2023-05-08,0.4782,0.5164000000000001,0.0054
2023-05-09,0.4705,0.5221000000000001,0.0074
2023-05-10,0.4748,0.519,0.0062
2023-05-11,0.4876,0.5069,0.0055
2023-05-12,0.4774,0.5167999999999999,0.0058
2023-05-13,0.4751,0.5182999999999999,0.0066
2023-05-14,0.4759,0.5184,0.0057
2023-05-15,0.4821,0.5101,0.0078
2023-05-16,0.4795,0.5156,0.0049
2023-05-17,0.5006,0.4942,0.0052
2023-05-18,0.5082,0.48560000000000003,0.0062
2023-05-19,0.4761,0.5184000000000001,0.0055
2023-05-20,0.4802,0.5148,0.005
2023-05-21,0.4834,0.5115999999999999,0.005
2023-05-22,0.4741,0.5204000000000001,0.0055
2023-05-23,0.4815,0.5148999999999999,0.0036
2023-05-24,0.4787,0.5153,0.006
2023-05-25,0.4632,0.5325,0.0043
2023-05-26,0.4749,0.5197,0.0054
2023-05-27,0.4718,0.5227,0.0055
2023-05-28,0.4523,0.5425000000000001,0.0052
2023-05-29,0.4548,0.5392,0.006
2023-05-30,0.4372,0.5580999999999999,0.0047
2023-05-31,0.4407,0.5534,0.0059
2023-06-01,0.4469,0.5477,0.0054
2023-06-02,0.4331,0.5617,0.0052
2023-06-03,0.4349,0.5592999999999999,0.0058
2023-06-04,0.4377,0.5572,0.0051
2023-06-05,0.4265,0.5679,0.0056
2023-06-06,0.4329,0.5616,0.0055
2023-06-07,0.4375,0.5578,0.0047
2023-06-08,0.4489,0.5458,0.0053
2023-06-09,0.4416,0.5523,0.0061
2023-06-10,0.4455,0.5486,0.0059
2023-06-11,0.4443,0.5498000000000001,0.0059
2023-06-12,0.4385,0.5554,0.0061
2023-06-13,0.452,0.5406000000000001,0.0074
2023-06-14,0.4523,0.5414000000000001,0.0063
2023-06-15,0.4407,0.5527,0.0066
2023-06-16,0.4288,0.5650999999999999,0.0061
2023-06-17,0.4266,0.5672,0.0062
2023-06-18,0.433,0.5630999999999999,0.0039
2023-06-19,0.4477,0.5475,0.0048
2023-06-20,0.4568,0.5364,0.0068
2023-06-21,0.454,0.5398000000000001,0.0062
2023-06-22,0.4548,0.539,0.0062
2023-06-23,0.454,0.5391,0.0069
2023-06-24,0.4505,0.5431,0.0064
2023-06-25,0.4454,0.5487,0.0059
2023-06-26,0.4405,0.5529,0.0066
2023-06-27,0.427,0.5669,0.0061
2023-06-28,0.4258,0.5689000000000001,0.0053
2023-06-29,0.4307,0.5634999999999999,0.0058
2023-06-30,0.441,0.5527,0.0063
2023-07-01,0.4179,0.5739000000000001,0.0082
2023-07-02,0.4098,0.5832,0.007
2023-07-03,0.4053,0.5881,0.0066
2023-07-04,0.4177,0.5756,0.0067
2023-07-05,0.4223,0.5707,0.007
2023-07-06,0.4198,0.5737000000000001,0.0065
2023-07-07,0.4282,0.5641999999999999,0.0076
2023-07-08,0.4205,0.5735,0.006
2023-07-09,0.4081,0.5858,0.0061
2023-07-10,0.4287,0.5644999999999999,0.0068
2023-07-11,0.4213,0.5712,0.0075
2023-07-12,0.4231,0.571,0.0059
2023-07-13,0.4238,0.5695,0.0067
2023-07-14,0.4224,0.5721,0.0055
2023-07-15,0.4279,0.5662,0.0059
2023-07-16,0.4253,0.5687,0.006
2023-07-17,0.4266,0.5677,0.0057
2023-07-18,0.431,0.5635,0.0055
2023-07-19,0.4147,0.5776999999999999,0.0076
2023-07-20,0.4209,0.5728,0.0063
2023-07-21,0.4201,0.5745000000000001,0.0054
2023-07-22,0.411,0.5846,0.0044
2023-07-23,0.4239,0.5687000000000001,0.0074
2023-07-24,0.4166,0.5776999999999999,0.0057
2023-07-25,0.4114,0.5823,0.0063
2023-07-26,0.416,0.5779000000000001,0.0061
2023-07-27,0.4092,0.5843,0.0065
2023-07-28,0.3986,0.5954999999999999,0.0059
2023-07-29,0.3933,0.6,0.0067
2023-07-30,0.4032,0.5908,0.006
2023-07-31,0.4033,0.589,0.0077
2023-08-01,0.412,0.5830000000000001,0.005
2023-08-02,0.3992,0.5945,0.0063
2023-08-03,0.3951,0.5992999999999999,0.0056
2023-08-04,0.4166,0.5776999999999999,0.0057
2023-08-05,0.4179,0.5763,0.0058
2023-08-06,0.4082,0.5854,0.0064
2023-08-07,0.4055,0.5884,0.0061
2023-08-08,0.4122,0.5824,0.0054
2023-08-09,0.3981,0.5959,0.006
2023-08-10,0.4035,0.5900000000000001,0.0065
2023-08-11,0.4117,0.5818000000000001,0.0065
2023-08-12,0.4135,0.5812,0.0053
2023-08-13,0.4156,0.5789000000000001,0.0055
2023-08-14,0.4211,0.5731999999999999,0.0057
2023-08-15,0.4231,0.5717,0.0052
2023-08-16,0.4275,0.5662,0.0063
2023-08-17,0.43,0.5640000000000001,0.006
2023-08-18,0.4352,0.5587,0.0061
2023-08-19,0.4413,0.5534,0.0053
2023-08-20,0.4685,0.5253,0.0062
2023-08-21,0.47,0.5238,0.0062
2023-08-22,0.448,0.5461,0.0059
2023-08-23,0.4582,0.5376000000000001,0.0042
2023-08-24,0.4475,0.5467,0.0058
2023-08-25,0.446,0.546,0.008
2023-08-26,0.4305,0.5644,0.0051
2023-08-27,0.4339,0.5605,0.0056
2023-08-28,0.4208,0.5722999999999999,0.0069
2023-08-29,0.4103,0.5834,0.0063
2023-08-30,0.4129,0.5816,0.0055
2023-08-31,0.4117,0.5815,0.0068
2023-09-01,0.407,0.5868,0.0062
2023-09-02,0.4133,0.5802,0.0065
2023-09-03,0.4109,0.5827,0.0064
2023-09-04,0.4115,0.5828,0.0057
2023-09-05,0.4174,0.5764,0.0062
2023-09-06,0.4016,0.5915,0.0069
2023-09-07,0.4101,0.5835,0.0064
2023-09-08,0.4099,0.5833,0.0068
2023-09-09,0.4126,0.5809,0.0065
2023-09-10,0.4116,0.5824,0.006
2023-09-11,0.3755,0.6192000000000001,0.0053
2023-09-12,0.3881,0.6061,0.0058
2023-09-13,0.3884,0.6061,0.0055
2023-09-14,0.3857,0.6093000000000001,0.005
2023-09-15,0.3766,0.6157999999999999,0.0076
2023-09-16,0.3707,0.6228,0.0065
2023-09-17,0.3828,0.6121,0.0051
2023-09-18,0.3895,0.6042000000000001,0.0063
2023-09-19,0.4022,0.5918,0.006
2023-09-20,0.3835,0.6109,0.0056
2023-09-21,0.3889,0.6053999999999999,0.0057
2023-09-22,0.389,0.6058,0.0052
2023-09-23,0.3792,0.6147,0.0061
2023-09-24,0.3927,0.6016999999999999,0.0056
2023-09-25,0.3968,0.5975999999999999,0.0056
2023-09-26,0.4141,0.58,0.0059
2023-09-27,0.4205,0.5727,0.0068
2023-09-28,0.4107,0.5815999999999999,0.0077
2023-09-29,0.4129,0.5808,0.0063
2023-09-30,0.4074,0.5864,0.0062
2023-10-01,0.4042,0.5895,0.0063
2023-10-02,0.3878,0.6057000000000001,0.0065
2023-10-03,0.3932,0.5998,0.007
2023-10-04,0.3654,0.6293000000000001,0.0053
2023-10-05,0.3657,0.6281,0.0062
2023-10-06,0.3602,0.6339999999999999,0.0058
2023-10-07,0.3579,0.6369,0.0052
2023-10-08,0.3669,0.6269,0.0062
2023-10-09,0.3654,0.6295000000000001,0.0051
2023-10-10,0.3664,0.6292,0.0044
2023-10-11,0.3791,0.6153,0.0056
2023-10-12,0.379,0.6148,0.0062
2023-10-13,0.3743,0.6209999999999999,0.0047
2023-10-14,0.3838,0.6100000000000001,0.0062
2023-10-15,0.3771,0.6176,0.0053
2023-10-16,0.3758,0.618,0.0062
2023-10-17,0.3864,0.6076999999999999,0.0059
2023-10-18,0.3803,0.6144,0.0053
2023-10-19,0.3875,0.6063000000000001,0.0062
2023-10-20,0.3875,0.6065,0.006
2023-10-21,0.3823,0.6123000000000001,0.0054
2023-10-22,0.386,0.6087,0.0053
2023-10-23,0.3805,0.6145999999999999,0.0049
2023-10-24,0.3866,0.6083999999999999,0.005
2023-10-25,0.38,0.6146,0.0054
2023-10-26,0.3829,0.6103999999999999,0.0067
2023-10-27,0.3861,0.6062,0.0077
2023-10-28,0.3889,0.6048,0.0063
2023-10-29,0.3833,0.6115,0.0052
2023-10-30,0.384,0.6109,0.0051
2023-10-31,0.3766,0.6169,0.0065
2023-11-01,0.3754,0.619,0.0056
2023-11-02,0.3846,0.608,0.0074
2023-11-03,0.3496,0.6449,0.0055
2023-11-04,0.3414,0.6536000000000001,0.005
2023-11-05,0.3667,0.6266999999999999,0.0066
2023-11-06,0.3569,0.6388,0.0043
2023-11-07,0.3388,0.6545,0.0067
2023-11-08,0.342,0.6540999999999999,0.0039
2023-11-09,0.3444,0.6508999999999999,0.0047
2023-11-10,0.3441,0.6504,0.0055
2023-11-11,0.3339,0.6611,0.005
2023-11-12,0.3265,0.6678999999999999,0.0056
2023-11-13,0.3259,0.6691999999999999,0.0049
2023-11-14,0.3272,0.6667000000000001,0.0061
2023-11-15,0.3391,0.6546000000000001,0.0063
2023-11-16,0.33,0.6653999999999999,0.0046
2023-11-17,0.3251,0.6705000000000001,0.0044
2023-11-18,0.3276,0.6682,0.0042
2023-11-19,0.3151,0.6804000000000001,0.0045
2023-11-20,0.3152,0.6793000000000001,0.0055
2023-11-21,0.3134,0.6818,0.0048
2023-11-22,0.3162,0.6789999999999999,0.0048
2023-11-23,0.3132,0.6812,0.0056
2023-11-24,0.3125,0.6828,0.0047
2023-11-25,0.3124,0.6826,0.005
2023-11-26,0.3192,0.6762,0.0046
2023-11-27,0.3186,0.676,0.0054
2023-11-28,0.3149,0.6802,0.0049
2023-11-29,0.2781,0.7171,0.0048
2023-11-30,0.2701,0.7247,0.0052
2023-12-01,0.2895,0.7060000000000001,0.0045
2023-12-02,0.2825,0.7114,0.0061
2023-12-03,0.277,0.7169,0.0061
2023-12-04,0.2767,0.7195,0.0038
2023-12-05,0.2865,0.7078,0.0057
2023-12-06,0.2654,0.7295999999999999,0.005
2023-12-07,0.2654,0.7297999999999999,0.0048
2023-12-08,0.2672,0.7274,0.0054
2023-12-09,0.2555,0.7394999999999999,0.005
2023-12-10,0.2852,0.7109,0.0039
2023-12-11,0.2762,0.7183,0.0055
2023-12-12,0.2886,0.7080000000000001,0.0034
2023-12-13,0.2947,0.7009000000000001,0.0044
2023-12-14,0.2957,0.6993999999999999,0.0049
2023-12-15,0.2821,0.7137,0.0042
2023-12-16,0.2821,0.7122999999999999,0.0056
2023-12-17,0.2866,0.7097,0.0037
2023-12-18,0.2843,0.7105,0.0052
2023-12-19,0.2879,0.7071,0.005
2023-12-20,0.2947,0.6996,0.0057
2023-12-21,0.2863,0.7086,0.0051
2023-12-22,0.2845,0.7100000000000001,0.0055
2023-12-23,0.2998,0.6952999999999999,0.0049
2023-12-24,0.288,0.7085,0.0035
2023-12-25,0.2956,0.6992,0.0052
2023-12-26,0.2929,0.7020000000000001,0.0051
2023-12-27,0.2891,0.7062999999999999,0.0046
2023-12-28,0.2983,0.6964,0.0053
2023-12-29,0.299,0.6974,0.0036
2023-12-30,0.3019,0.6926,0.0055
2023-12-31,0.2946,0.7013,0.0041
2024-01-01,0.2865,0.7086,0.0049
2024-01-02,0.2971,0.6989000000000001,0.004
2024-01-03,0.3011,0.6955000000000001,0.0034
2024-01-04,0.3023,0.6923,0.0054
2024-01-05,0.2977,0.6981999999999999,0.0041
2024-01-06,0.2943,0.7011,0.0046
2024-01-07,0.2904,0.7048,0.0048
2024-01-08,0.3072,0.6873000000000001,0.0055
2024-01-09,0.3096,0.6851,0.0053
2024-01-10,0.3121,0.6818,0.0061
2024-01-11,0.3128,0.6816,0.0056
2024-01-12,0.3211,0.6725000000000001,0.0064
2024-01-13,0.3183,0.6754,0.0063
2024-01-14,0.3184,0.6763,0.0053
2024-01-15,0.3178,0.6765999999999999,0.0056
2024-01-16,0.313,0.6815000000000001,0.0055
2024-01-17,0.3199,0.6751999999999999,0.0049
2024-01-18,0.3123,0.6824,0.0053
2024-01-19,0.3036,0.6925,0.0039
2024-01-20,0.3088,0.6871,0.0041
2024-01-21,0.2791,0.7151,0.0058
2024-01-22,0.27,0.7246,0.0054
2024-01-23,0.2627,0.7326,0.0047
2024-01-24,0.257,0.7383,0.0047
2024-01-25,0.2515,0.7442,0.0043
2024-01-26,0.2571,0.7379,0.005
2024-01-27,0.2562,0.7397,0.0041
2024-01-28,0.2502,0.7459,0.0039
2024-01-29,0.2688,0.7269000000000001,0.0043
2024-01-30,0.2695,0.7256999999999999,0.0048
2024-01-31,0.2797,0.7153999999999999,0.0049
2024-02-01,0.2825,0.7127,0.0048
2024-02-02,0.2846,0.7104,0.005
2024-02-03,0.2738,0.7222,0.004
2024-02-04,0.2862,0.7087,0.0051
2024-02-05,0.2807,0.7147,0.0046
2024-02-06,0.2723,0.7224,0.0053
2024-02-07,0.2709,0.7243,0.0048
2024-02-08,0.2572,0.7392,0.0036
2024-02-09,0.2608,0.7345,0.0047
2024-02-10,0.2653,0.7299,0.0048
2024-02-11,0.2638,0.7325999999999999,0.0036
2024-02-12,0.2716,0.724,0.0044
2024-02-13,0.2714,0.7241000000000001,0.0045
2024-02-14,0.267,0.7292,0.0038
2024-02-15,0.2669,0.7292,0.0039
2024-02-16,0.2765,0.7186,0.0049
2024-02-17,0.2697,0.7265999999999999,0.0037
2024-02-18,0.2528,0.7423,0.0049
2024-02-19,0.2512,0.7418,0.007
2024-02-20,0.2535,0.7418999999999999,0.0046
2024-02-21,0.2557,0.7386999999999999,0.0056
2024-02-22,0.2576,0.7379,0.0045
2024-02-23,0.2406,0.7555999999999999,0.0038
2024-02-24,0.2457,0.7501,0.0042
2024-02-25,0.2484,0.748,0.0036
2024-02-26,0.2671,0.7281,0.0048
2024-02-27,0.2713,0.7239,0.0048
2024-02-28,0.2815,0.7125,0.006
2024-02-29,0.2683,0.7261,0.0056
2024-03-01,0.2798,0.7151,0.0051
2024-03-02,0.2747,0.7208000000000001,0.0045
2024-03-03,0.2717,0.7232,0.0051
2024-03-04,0.27,0.7253,0.0047
2024-03-05,0.2827,0.7123,0.005
2024-03-06,0.2968,0.6986,0.0046
2024-03-07,0.2931,0.7021,0.0048
2024-03-08,0.2939,0.7003999999999999,0.0057
2024-03-09,0.2906,0.7052,0.0042
2024-03-10,0.3113,0.6837,0.005
2024-03-11,0.3035,0.6921,0.0044
2024-03-12,0.2831,0.7127,0.0042
2024-03-13,0.2992,0.6951999999999999,0.0056
2024-03-14,0.3146,0.6807,0.0047
2024-03-15,0.2996,0.6952,0.0052
2024-03-16,0.3033,0.6917,0.005
2024-03-17,0.32,0.6738,0.0062
2024-03-18,0.3096,0.6848,0.0056
2024-03-19,0.3014,0.6922,0.0064
2024-03-20,0.307,0.6876000000000001,0.0054
2024-03-21,0.2904,0.7049,0.0047
2024-03-22,0.3009,0.6933,0.0058
2024-03-23,0.302,0.6907,0.0073
2024-03-24,0.3084,0.6857,0.0059
2024-03-25,0.3051,0.6895000000000001,0.0054
2024-03-26,0.3142,0.6809999999999999,0.0048
2024-03-27,0.3148,0.6807000000000001,0.0045
2024-03-28,0.3243,0.6700999999999999,0.0056
2024-03-29,0.3147,0.6789000000000001,0.0064
2024-03-30,0.3091,0.6866000000000001,0.0043
2024-03-31,0.3155,0.6783,0.0062
2024-04-01,0.3206,0.6736,0.0058
2024-04-02,0.3249,0.6685,0.0066
2024-04-03,0.322,0.6729999999999999,0.005
2024-04-04,0.3218,0.6724,0.0058
2024-04-05,0.3206,0.6746,0.0048
2024-04-06,0.3294,0.6641,0.0065
2024-04-07,0.3222,0.6725,0.0053
2024-04-08,0.3297,0.6641,0.0062
2024-04-09,0.3362,0.6590999999999999,0.0047
2024-04-10,0.3207,0.675,0.0043
2024-04-11,0.3054,0.69,0.0046
2024-04-12,0.3201,0.6732999999999999,0.0066
2024-04-13,0.3124,0.6825,0.0051
2024-04-14,0.3088,0.6868000000000001,0.0044
2024-04-15,0.3007,0.6927,0.0066
2024-04-16,0.3113,0.6829999999999999,0.0057
2024-04-17,0.3062,0.6894,0.0044
2024-04-18,0.3193,0.6745000000000001,0.0062
2024-04-19,0.3135,0.6803,0.0062
2024-04-20,0.3134,0.6813,0.0053
2024-04-21,0.3138,0.6817,0.0045
2024-04-22,0.3098,0.6858,0.0044
2024-04-23,0.3163,0.6799,0.0038
2024-04-24,0.3196,0.6753,0.0051
2024-04-25,0.3198,0.676,0.0042
2024-04-26,0.3202,0.6746,0.0052
2024-04-27,0.3189,0.6758000000000001,0.0053
2024-04-28,0.3192,0.6757000000000001,0.0051
2024-04-29,0.3223,0.6725,0.0052
2024-04-30,0.3169,0.6795,0.0036
2024-05-01,0.3223,0.6719999999999999,0.0057
2024-05-02,0.3166,0.6779000000000001,0.0055
2024-05-03,0.3237,0.6704,0.0059
2024-05-04,0.3088,0.6863,0.0049
2024-05-05,0.3079,0.6869,0.0052
2024-05-06,0.311,0.6838000000000001,0.0052
2024-05-07,0.312,0.6820999999999999,0.0059
2024-05-08,0.3225,0.6727,0.0048
2024-05-09,0.3101,0.6850999999999999,0.0048
2024-05-10,0.302,0.6925,0.0055
2024-05-11,0.3028,0.6919000000000001,0.0053
2024-05-12,0.312,0.6817,0.0063
2024-05-13,0.3054,0.6883,0.0063
2024-05-14,0.3105,0.6844,0.0051
2024-05-15,0.3002,0.6956,0.0042
2024-05-16,0.3092,0.6872,0.0036
